[2025-11-16 14:14:35] local.ERROR: No application encryption key has been specified. {"exception":"[object] (Illuminate\\Encryption\\MissingAppKeyException(code: 0): No application encryption key has been specified. at /Users/brunokristian/Documents/ADOcare/vendor/laravel/framework/src/Illuminate/Encryption/EncryptionServiceProvider.php:83)
[stacktrace]
#0 /Users/brunokristian/Documents/ADOcare/vendor/laravel/framework/src/Illuminate/Support/helpers.php(390): Illuminate\\Encryption\\EncryptionServiceProvider->Illuminate\\Encryption\\{closure}('')
#1 /Users/brunokristian/Documents/ADOcare/vendor/laravel/framework/src/Illuminate/Encryption/EncryptionServiceProvider.php(81): tap('', Object(Closure))
#2 /Users/brunokristian/Documents/ADOcare/vendor/laravel/framework/src/Illuminate/Encryption/EncryptionServiceProvider.php(64): Illuminate\\Encryption\\EncryptionServiceProvider->key(Array)
#3 /Users/brunokristian/Documents/ADOcare/vendor/laravel/framework/src/Illuminate/Encryption/EncryptionServiceProvider.php(32): Illuminate\\Encryption\\EncryptionServiceProvider->parseKey(Array)
#4 /Users/brunokristian/Documents/ADOcare/vendor/laravel/framework/src/Illuminate/Container/Container.php(1154): Illuminate\\Encryption\\EncryptionServiceProvider->Illuminate\\Encryption\\{closure}(Object(Illuminate\\Foundation\\Application), Array)
#5 /Users/brunokristian/Documents/ADOcare/vendor/laravel/framework/src/Illuminate/Container/Container.php(972): Illuminate\\Container\\Container->build(Object(Closure))
#6 /Users/brunokristian/Documents/ADOcare/vendor/laravel/framework/src/Illuminate/Foundation/Application.php(1078): Illuminate\\Container\\Container->resolve('encrypter', Array, true)
#7 /Users/brunokristian/Documents/ADOcare/vendor/laravel/framework/src/Illuminate/Container/Container.php(903): Illuminate\\Foundation\\Application->resolve('encrypter', Array)
#8 /Users/brunokristian/Documents/ADOcare/vendor/laravel/framework/src/Illuminate/Foundation/Application.php(1058): Illuminate\\Container\\Container->make('encrypter', Array)
#9 /Users/brunokristian/Documents/ADOcare/vendor/laravel/framework/src/Illuminate/Container/Container.php(1379): Illuminate\\Foundation\\Application->make('encrypter')
#10 /Users/brunokristian/Documents/ADOcare/vendor/laravel/framework/src/Illuminate/Container/Container.php(1278): Illuminate\\Container\\Container->resolveClass(Object(ReflectionParameter))
#11 /Users/brunokristian/Documents/ADOcare/vendor/laravel/framework/src/Illuminate/Container/Container.php(1201): Illuminate\\Container\\Container->resolveDependencies(Array)
#12 /Users/brunokristian/Documents/ADOcare/vendor/laravel/framework/src/Illuminate/Container/Container.php(972): Illuminate\\Container\\Container->build('Illuminate\\\\Cook...')
#13 /Users/brunokristian/Documents/ADOcare/vendor/laravel/framework/src/Illuminate/Foundation/Application.php(1078): Illuminate\\Container\\Container->resolve('Illuminate\\\\Cook...', Array, true)
#14 /Users/brunokristian/Documents/ADOcare/vendor/laravel/framework/src/Illuminate/Container/Container.php(903): Illuminate\\Foundation\\Application->resolve('Illuminate\\\\Cook...', Array)
#15 /Users/brunokristian/Documents/ADOcare/vendor/laravel/framework/src/Illuminate/Foundation/Application.php(1058): Illuminate\\Container\\Container->make('Illuminate\\\\Cook...', Array)
#16 /Users/brunokristian/Documents/ADOcare/vendor/laravel/framework/src/Illuminate/Pipeline/Pipeline.php(208): Illuminate\\Foundation\\Application->make('Illuminate\\\\Cook...')
#17 /Users/brunokristian/Documents/ADOcare/vendor/laravel/framework/src/Illuminate/Pipeline/Pipeline.php(137): Illuminate\\Pipeline\\Pipeline->Illuminate\\Pipeline\\{closure}(Object(Illuminate\\Http\\Request))
#18 /Users/brunokristian/Documents/ADOcare/vendor/laravel/framework/src/Illuminate/Routing/Router.php(821): Illuminate\\Pipeline\\Pipeline->then(Object(Closure))
#19 /Users/brunokristian/Documents/ADOcare/vendor/laravel/framework/src/Illuminate/Routing/Router.php(800): Illuminate\\Routing\\Router->runRouteWithinStack(Object(Illuminate\\Routing\\Route), Object(Illuminate\\Http\\Request))
#20 /Users/brunokristian/Documents/ADOcare/vendor/laravel/framework/src/Illuminate/Routing/Router.php(764): Illuminate\\Routing\\Router->runRoute(Object(Illuminate\\Http\\Request), Object(Illuminate\\Routing\\Route))
#21 /Users/brunokristian/Documents/ADOcare/vendor/laravel/framework/src/Illuminate/Routing/Router.php(753): Illuminate\\Routing\\Router->dispatchToRoute(Object(Illuminate\\Http\\Request))
#22 /Users/brunokristian/Documents/ADOcare/vendor/laravel/framework/src/Illuminate/Foundation/Http/Kernel.php(200): Illuminate\\Routing\\Router->dispatch(Object(Illuminate\\Http\\Request))
#23 /Users/brunokristian/Documents/ADOcare/vendor/laravel/framework/src/Illuminate/Pipeline/Pipeline.php(180): Illuminate\\Foundation\\Http\\Kernel->Illuminate\\Foundation\\Http\\{closure}(Object(Illuminate\\Http\\Request))
#24 /Users/brunokristian/Documents/ADOcare/vendor/laravel/framework/src/Illuminate/Foundation/Http/Middleware/TransformsRequest.php(21): Illuminate\\Pipeline\\Pipeline->Illuminate\\Pipeline\\{closure}(Object(Illuminate\\Http\\Request))
#25 /Users/brunokristian/Documents/ADOcare/vendor/laravel/framework/src/Illuminate/Foundation/Http/Middleware/ConvertEmptyStringsToNull.php(31): Illuminate\\Foundation\\Http\\Middleware\\TransformsRequest->handle(Object(Illuminate\\Http\\Request), Object(Closure))
#26 /Users/brunokristian/Documents/ADOcare/vendor/laravel/framework/src/Illuminate/Pipeline/Pipeline.php(219): Illuminate\\Foundation\\Http\\Middleware\\ConvertEmptyStringsToNull->handle(Object(Illuminate\\Http\\Request), Object(Closure))
#27 /Users/brunokristian/Documents/ADOcare/vendor/laravel/framework/src/Illuminate/Foundation/Http/Middleware/TransformsRequest.php(21): Illuminate\\Pipeline\\Pipeline->Illuminate\\Pipeline\\{closure}(Object(Illuminate\\Http\\Request))
#28 /Users/brunokristian/Documents/ADOcare/vendor/laravel/framework/src/Illuminate/Foundation/Http/Middleware/TrimStrings.php(51): Illuminate\\Foundation\\Http\\Middleware\\TransformsRequest->handle(Object(Illuminate\\Http\\Request), Object(Closure))
#29 /Users/brunokristian/Documents/ADOcare/vendor/laravel/framework/src/Illuminate/Pipeline/Pipeline.php(219): Illuminate\\Foundation\\Http\\Middleware\\TrimStrings->handle(Object(Illuminate\\Http\\Request), Object(Closure))
#30 /Users/brunokristian/Documents/ADOcare/vendor/laravel/framework/src/Illuminate/Http/Middleware/ValidatePostSize.php(27): Illuminate\\Pipeline\\Pipeline->Illuminate\\Pipeline\\{closure}(Object(Illuminate\\Http\\Request))
#31 /Users/brunokristian/Documents/ADOcare/vendor/laravel/framework/src/Illuminate/Pipeline/Pipeline.php(219): Illuminate\\Http\\Middleware\\ValidatePostSize->handle(Object(Illuminate\\Http\\Request), Object(Closure))
#32 /Users/brunokristian/Documents/ADOcare/vendor/laravel/framework/src/Illuminate/Foundation/Http/Middleware/PreventRequestsDuringMaintenance.php(109): Illuminate\\Pipeline\\Pipeline->Illuminate\\Pipeline\\{closure}(Object(Illuminate\\Http\\Request))
#33 /Users/brunokristian/Documents/ADOcare/vendor/laravel/framework/src/Illuminate/Pipeline/Pipeline.php(219): Illuminate\\Foundation\\Http\\Middleware\\PreventRequestsDuringMaintenance->handle(Object(Illuminate\\Http\\Request), Object(Closure))
#34 /Users/brunokristian/Documents/ADOcare/vendor/laravel/framework/src/Illuminate/Http/Middleware/HandleCors.php(48): Illuminate\\Pipeline\\Pipeline->Illuminate\\Pipeline\\{closure}(Object(Illuminate\\Http\\Request))
#35 /Users/brunokristian/Documents/ADOcare/vendor/laravel/framework/src/Illuminate/Pipeline/Pipeline.php(219): Illuminate\\Http\\Middleware\\HandleCors->handle(Object(Illuminate\\Http\\Request), Object(Closure))
#36 /Users/brunokristian/Documents/ADOcare/vendor/laravel/framework/src/Illuminate/Http/Middleware/TrustProxies.php(58): Illuminate\\Pipeline\\Pipeline->Illuminate\\Pipeline\\{closure}(Object(Illuminate\\Http\\Request))
#37 /Users/brunokristian/Documents/ADOcare/vendor/laravel/framework/src/Illuminate/Pipeline/Pipeline.php(219): Illuminate\\Http\\Middleware\\TrustProxies->handle(Object(Illuminate\\Http\\Request), Object(Closure))
#38 /Users/brunokristian/Documents/ADOcare/vendor/laravel/framework/src/Illuminate/Foundation/Http/Middleware/InvokeDeferredCallbacks.php(22): Illuminate\\Pipeline\\Pipeline->Illuminate\\Pipeline\\{closure}(Object(Illuminate\\Http\\Request))
#39 /Users/brunokristian/Documents/ADOcare/vendor/laravel/framework/src/Illuminate/Pipeline/Pipeline.php(219): Illuminate\\Foundation\\Http\\Middleware\\InvokeDeferredCallbacks->handle(Object(Illuminate\\Http\\Request), Object(Closure))
#40 /Users/brunokristian/Documents/ADOcare/vendor/laravel/framework/src/Illuminate/Http/Middleware/ValidatePathEncoding.php(26): Illuminate\\Pipeline\\Pipeline->Illuminate\\Pipeline\\{closure}(Object(Illuminate\\Http\\Request))
#41 /Users/brunokristian/Documents/ADOcare/vendor/laravel/framework/src/Illuminate/Pipeline/Pipeline.php(219): Illuminate\\Http\\Middleware\\ValidatePathEncoding->handle(Object(Illuminate\\Http\\Request), Object(Closure))
#42 /Users/brunokristian/Documents/ADOcare/vendor/laravel/framework/src/Illuminate/Pipeline/Pipeline.php(137): Illuminate\\Pipeline\\Pipeline->Illuminate\\Pipeline\\{closure}(Object(Illuminate\\Http\\Request))
#43 /Users/brunokristian/Documents/ADOcare/vendor/laravel/framework/src/Illuminate/Foundation/Http/Kernel.php(175): Illuminate\\Pipeline\\Pipeline->then(Object(Closure))
#44 /Users/brunokristian/Documents/ADOcare/vendor/laravel/framework/src/Illuminate/Foundation/Http/Kernel.php(144): Illuminate\\Foundation\\Http\\Kernel->sendRequestThroughRouter(Object(Illuminate\\Http\\Request))
#45 /Users/brunokristian/Documents/ADOcare/vendor/laravel/framework/src/Illuminate/Foundation/Application.php(1220): Illuminate\\Foundation\\Http\\Kernel->handle(Object(Illuminate\\Http\\Request))
#46 /Users/brunokristian/Documents/ADOcare/public/index.php(20): Illuminate\\Foundation\\Application->handleRequest(Object(Illuminate\\Http\\Request))
#47 /Users/brunokristian/Documents/ADOcare/vendor/laravel/framework/src/Illuminate/Foundation/resources/server.php(23): require_once('/Users/brunokri...')
#48 {main}
"} 
[2025-11-16 14:14:35] local.ERROR: No application encryption key has been specified. {"exception":"[object] (Illuminate\\Encryption\\MissingAppKeyException(code: 0): No application encryption key has been specified. at /Users/brunokristian/Documents/ADOcare/vendor/laravel/framework/src/Illuminate/Encryption/EncryptionServiceProvider.php:83)
[stacktrace]
#0 /Users/brunokristian/Documents/ADOcare/vendor/laravel/framework/src/Illuminate/Support/helpers.php(390): Illuminate\\Encryption\\EncryptionServiceProvider->Illuminate\\Encryption\\{closure}('')
#1 /Users/brunokristian/Documents/ADOcare/vendor/laravel/framework/src/Illuminate/Encryption/EncryptionServiceProvider.php(81): tap('', Object(Closure))
#2 /Users/brunokristian/Documents/ADOcare/vendor/laravel/framework/src/Illuminate/Encryption/EncryptionServiceProvider.php(64): Illuminate\\Encryption\\EncryptionServiceProvider->key(Array)
#3 /Users/brunokristian/Documents/ADOcare/vendor/laravel/framework/src/Illuminate/Encryption/EncryptionServiceProvider.php(32): Illuminate\\Encryption\\EncryptionServiceProvider->parseKey(Array)
#4 /Users/brunokristian/Documents/ADOcare/vendor/laravel/framework/src/Illuminate/Container/Container.php(1154): Illuminate\\Encryption\\EncryptionServiceProvider->Illuminate\\Encryption\\{closure}(Object(Illuminate\\Foundation\\Application), Array)
#5 /Users/brunokristian/Documents/ADOcare/vendor/laravel/framework/src/Illuminate/Container/Container.php(972): Illuminate\\Container\\Container->build(Object(Closure))
#6 /Users/brunokristian/Documents/ADOcare/vendor/laravel/framework/src/Illuminate/Foundation/Application.php(1078): Illuminate\\Container\\Container->resolve('encrypter', Array, true)
#7 /Users/brunokristian/Documents/ADOcare/vendor/laravel/framework/src/Illuminate/Container/Container.php(903): Illuminate\\Foundation\\Application->resolve('encrypter', Array)
#8 /Users/brunokristian/Documents/ADOcare/vendor/laravel/framework/src/Illuminate/Foundation/Application.php(1058): Illuminate\\Container\\Container->make('encrypter', Array)
#9 /Users/brunokristian/Documents/ADOcare/vendor/laravel/framework/src/Illuminate/Container/Container.php(1379): Illuminate\\Foundation\\Application->make('encrypter')
#10 /Users/brunokristian/Documents/ADOcare/vendor/laravel/framework/src/Illuminate/Container/Container.php(1278): Illuminate\\Container\\Container->resolveClass(Object(ReflectionParameter))
#11 /Users/brunokristian/Documents/ADOcare/vendor/laravel/framework/src/Illuminate/Container/Container.php(1201): Illuminate\\Container\\Container->resolveDependencies(Array)
#12 /Users/brunokristian/Documents/ADOcare/vendor/laravel/framework/src/Illuminate/Container/Container.php(972): Illuminate\\Container\\Container->build('Illuminate\\\\Cook...')
#13 /Users/brunokristian/Documents/ADOcare/vendor/laravel/framework/src/Illuminate/Foundation/Application.php(1078): Illuminate\\Container\\Container->resolve('Illuminate\\\\Cook...', Array, true)
#14 /Users/brunokristian/Documents/ADOcare/vendor/laravel/framework/src/Illuminate/Container/Container.php(903): Illuminate\\Foundation\\Application->resolve('Illuminate\\\\Cook...', Array)
#15 /Users/brunokristian/Documents/ADOcare/vendor/laravel/framework/src/Illuminate/Foundation/Application.php(1058): Illuminate\\Container\\Container->make('Illuminate\\\\Cook...', Array)
#16 /Users/brunokristian/Documents/ADOcare/vendor/laravel/framework/src/Illuminate/Foundation/Http/Kernel.php(257): Illuminate\\Foundation\\Application->make('Illuminate\\\\Cook...')
#17 /Users/brunokristian/Documents/ADOcare/vendor/laravel/framework/src/Illuminate/Foundation/Http/Kernel.php(215): Illuminate\\Foundation\\Http\\Kernel->terminateMiddleware(Object(Illuminate\\Http\\Request), Object(Illuminate\\Http\\Response))
#18 /Users/brunokristian/Documents/ADOcare/vendor/laravel/framework/src/Illuminate/Foundation/Application.php(1222): Illuminate\\Foundation\\Http\\Kernel->terminate(Object(Illuminate\\Http\\Request), Object(Illuminate\\Http\\Response))
#19 /Users/brunokristian/Documents/ADOcare/public/index.php(20): Illuminate\\Foundation\\Application->handleRequest(Object(Illuminate\\Http\\Request))
#20 /Users/brunokristian/Documents/ADOcare/vendor/laravel/framework/src/Illuminate/Foundation/resources/server.php(23): require_once('/Users/brunokri...')
#21 {main}
"} 
[2025-11-16 14:20:11] local.ERROR: Command "seed" is not defined.

Did you mean one of these?
    db:seed
    make:seeder {"exception":"[object] (Symfony\\Component\\Console\\Exception\\CommandNotFoundException(code: 0): Command \"seed\" is not defined.

Did you mean one of these?
    db:seed
    make:seeder at /Users/brunokristian/Documents/ADOcare/vendor/symfony/console/Application.php:740)
[stacktrace]
#0 /Users/brunokristian/Documents/ADOcare/vendor/symfony/console/Application.php(298): Symfony\\Component\\Console\\Application->find('seed')
#1 /Users/brunokristian/Documents/ADOcare/vendor/symfony/console/Application.php(195): Symfony\\Component\\Console\\Application->doRun(Object(Symfony\\Component\\Console\\Input\\ArgvInput), Object(Symfony\\Component\\Console\\Output\\ConsoleOutput))
#2 /Users/brunokristian/Documents/ADOcare/vendor/laravel/framework/src/Illuminate/Foundation/Console/Kernel.php(197): Symfony\\Component\\Console\\Application->run(Object(Symfony\\Component\\Console\\Input\\ArgvInput), Object(Symfony\\Component\\Console\\Output\\ConsoleOutput))
#3 /Users/brunokristian/Documents/ADOcare/vendor/laravel/framework/src/Illuminate/Foundation/Application.php(1235): Illuminate\\Foundation\\Console\\Kernel->handle(Object(Symfony\\Component\\Console\\Input\\ArgvInput), Object(Symfony\\Component\\Console\\Output\\ConsoleOutput))
#4 /Users/brunokristian/Documents/ADOcare/artisan(16): Illuminate\\Foundation\\Application->handleCommand(Object(Symfony\\Component\\Console\\Input\\ArgvInput))
#5 {main}
"} 
[2025-11-16 14:20:28] local.ERROR: SQLSTATE[42703]: Undefined column: 7 ERROR:  column "login" of relation "users" does not exist
LINE 1: ...ers" ("code", "first_name", "last_name", "email", "login", "...
                                                             ^ (Connection: pgsql, SQL: insert into "users" ("code", "first_name", "last_name", "email", "login", "pin", "initials", "updated_at", "created_at") values (admin, Admin, User, admin@example.sk, admin, $2y$12$7.cGWurqtsNpxFt0PG826eI.JhdhsyTrZdvMNY8hzaH4qDr1T455m, AU, 2025-11-16 14:20:28, 2025-11-16 14:20:28) returning "id") {"exception":"[object] (Illuminate\\Database\\QueryException(code: 42703): SQLSTATE[42703]: Undefined column: 7 ERROR:  column \"login\" of relation \"users\" does not exist
LINE 1: ...ers\" (\"code\", \"first_name\", \"last_name\", \"email\", \"login\", \"...
                                                             ^ (Connection: pgsql, SQL: insert into \"users\" (\"code\", \"first_name\", \"last_name\", \"email\", \"login\", \"pin\", \"initials\", \"updated_at\", \"created_at\") values (admin, Admin, User, admin@example.sk, admin, $2y$12$7.cGWurqtsNpxFt0PG826eI.JhdhsyTrZdvMNY8hzaH4qDr1T455m, AU, 2025-11-16 14:20:28, 2025-11-16 14:20:28) returning \"id\") at /Users/brunokristian/Documents/ADOcare/vendor/laravel/framework/src/Illuminate/Database/Connection.php:824)
[stacktrace]
#0 /Users/brunokristian/Documents/ADOcare/vendor/laravel/framework/src/Illuminate/Database/Connection.php(778): Illuminate\\Database\\Connection->runQueryCallback('insert into \"us...', Array, Object(Closure))
#1 /Users/brunokristian/Documents/ADOcare/vendor/laravel/framework/src/Illuminate/Database/Connection.php(397): Illuminate\\Database\\Connection->run('insert into \"us...', Array, Object(Closure))
#2 /Users/brunokristian/Documents/ADOcare/vendor/laravel/framework/src/Illuminate/Database/Connection.php(384): Illuminate\\Database\\Connection->select('insert into \"us...', Array, false)
#3 /Users/brunokristian/Documents/ADOcare/vendor/laravel/framework/src/Illuminate/Database/Query/Processors/PostgresProcessor.php(24): Illuminate\\Database\\Connection->selectFromWriteConnection('insert into \"us...', Array)
#4 /Users/brunokristian/Documents/ADOcare/vendor/laravel/framework/src/Illuminate/Database/Query/Builder.php(3853): Illuminate\\Database\\Query\\Processors\\PostgresProcessor->processInsertGetId(Object(Illuminate\\Database\\Query\\Builder), 'insert into \"us...', Array, 'id')
#5 /Users/brunokristian/Documents/ADOcare/vendor/laravel/framework/src/Illuminate/Database/Eloquent/Builder.php(2235): Illuminate\\Database\\Query\\Builder->insertGetId(Array, 'id')
#6 /Users/brunokristian/Documents/ADOcare/vendor/laravel/framework/src/Illuminate/Database/Eloquent/Model.php(1436): Illuminate\\Database\\Eloquent\\Builder->__call('insertGetId', Array)
#7 /Users/brunokristian/Documents/ADOcare/vendor/laravel/framework/src/Illuminate/Database/Eloquent/Model.php(1401): Illuminate\\Database\\Eloquent\\Model->insertAndSetId(Object(Illuminate\\Database\\Eloquent\\Builder), Array)
#8 /Users/brunokristian/Documents/ADOcare/vendor/laravel/framework/src/Illuminate/Database/Eloquent/Model.php(1240): Illuminate\\Database\\Eloquent\\Model->performInsert(Object(Illuminate\\Database\\Eloquent\\Builder))
#9 /Users/brunokristian/Documents/ADOcare/vendor/laravel/framework/src/Illuminate/Database/Eloquent/Builder.php(1219): Illuminate\\Database\\Eloquent\\Model->save()
#10 /Users/brunokristian/Documents/ADOcare/vendor/laravel/framework/src/Illuminate/Support/helpers.php(390): Illuminate\\Database\\Eloquent\\Builder->Illuminate\\Database\\Eloquent\\{closure}(Object(App\\Models\\User))
#11 /Users/brunokristian/Documents/ADOcare/vendor/laravel/framework/src/Illuminate/Database/Eloquent/Builder.php(1218): tap(Object(App\\Models\\User), Object(Closure))
#12 /Users/brunokristian/Documents/ADOcare/vendor/laravel/framework/src/Illuminate/Database/Eloquent/Builder.php(725): Illuminate\\Database\\Eloquent\\Builder->create(Array)
#13 /Users/brunokristian/Documents/ADOcare/vendor/laravel/framework/src/Illuminate/Database/Eloquent/Builder.php(1959): Illuminate\\Database\\Eloquent\\Builder->Illuminate\\Database\\Eloquent\\{closure}()
#14 /Users/brunokristian/Documents/ADOcare/vendor/laravel/framework/src/Illuminate/Database/Eloquent/Builder.php(725): Illuminate\\Database\\Eloquent\\Builder->withSavepointIfNeeded(Object(Closure))
#15 /Users/brunokristian/Documents/ADOcare/vendor/laravel/framework/src/Illuminate/Database/Eloquent/Builder.php(712): Illuminate\\Database\\Eloquent\\Builder->createOrFirst(Array, Array)
#16 /Users/brunokristian/Documents/ADOcare/vendor/laravel/framework/src/Illuminate/Database/Eloquent/Builder.php(740): Illuminate\\Database\\Eloquent\\Builder->firstOrCreate(Array, Array)
#17 /Users/brunokristian/Documents/ADOcare/vendor/laravel/framework/src/Illuminate/Support/Traits/ForwardsCalls.php(23): Illuminate\\Database\\Eloquent\\Builder->updateOrCreate(Array, Array)
#18 /Users/brunokristian/Documents/ADOcare/vendor/laravel/framework/src/Illuminate/Database/Eloquent/Model.php(2540): Illuminate\\Database\\Eloquent\\Model->forwardCallTo(Object(Illuminate\\Database\\Eloquent\\Builder), 'updateOrCreate', Array)
#19 /Users/brunokristian/Documents/ADOcare/vendor/laravel/framework/src/Illuminate/Database/Eloquent/Model.php(2556): Illuminate\\Database\\Eloquent\\Model->__call('updateOrCreate', Array)
#20 /Users/brunokristian/Documents/ADOcare/database/seeders/DatabaseSeeder.php(22): Illuminate\\Database\\Eloquent\\Model::__callStatic('updateOrCreate', Array)
#21 /Users/brunokristian/Documents/ADOcare/vendor/laravel/framework/src/Illuminate/Container/BoundMethod.php(36): Database\\Seeders\\DatabaseSeeder->run()
#22 /Users/brunokristian/Documents/ADOcare/vendor/laravel/framework/src/Illuminate/Container/Util.php(43): Illuminate\\Container\\BoundMethod::Illuminate\\Container\\{closure}()
#23 /Users/brunokristian/Documents/ADOcare/vendor/laravel/framework/src/Illuminate/Container/BoundMethod.php(96): Illuminate\\Container\\Util::unwrapIfClosure(Object(Closure))
#24 /Users/brunokristian/Documents/ADOcare/vendor/laravel/framework/src/Illuminate/Container/BoundMethod.php(35): Illuminate\\Container\\BoundMethod::callBoundMethod(Object(Illuminate\\Foundation\\Application), Array, Object(Closure))
#25 /Users/brunokristian/Documents/ADOcare/vendor/laravel/framework/src/Illuminate/Container/Container.php(836): Illuminate\\Container\\BoundMethod::call(Object(Illuminate\\Foundation\\Application), Array, Array, NULL)
#26 /Users/brunokristian/Documents/ADOcare/vendor/laravel/framework/src/Illuminate/Database/Seeder.php(184): Illuminate\\Container\\Container->call(Array, Array)
#27 /Users/brunokristian/Documents/ADOcare/vendor/laravel/framework/src/Illuminate/Database/Seeder.php(193): Illuminate\\Database\\Seeder->Illuminate\\Database\\{closure}()
#28 /Users/brunokristian/Documents/ADOcare/vendor/laravel/framework/src/Illuminate/Database/Console/Seeds/SeedCommand.php(71): Illuminate\\Database\\Seeder->__invoke()
#29 /Users/brunokristian/Documents/ADOcare/vendor/laravel/framework/src/Illuminate/Database/Eloquent/Concerns/GuardsAttributes.php(157): Illuminate\\Database\\Console\\Seeds\\SeedCommand->Illuminate\\Database\\Console\\Seeds\\{closure}()
#30 /Users/brunokristian/Documents/ADOcare/vendor/laravel/framework/src/Illuminate/Database/Console/Seeds/SeedCommand.php(70): Illuminate\\Database\\Eloquent\\Model::unguarded(Object(Closure))
#31 /Users/brunokristian/Documents/ADOcare/vendor/laravel/framework/src/Illuminate/Container/BoundMethod.php(36): Illuminate\\Database\\Console\\Seeds\\SeedCommand->handle()
#32 /Users/brunokristian/Documents/ADOcare/vendor/laravel/framework/src/Illuminate/Container/Util.php(43): Illuminate\\Container\\BoundMethod::Illuminate\\Container\\{closure}()
#33 /Users/brunokristian/Documents/ADOcare/vendor/laravel/framework/src/Illuminate/Container/BoundMethod.php(96): Illuminate\\Container\\Util::unwrapIfClosure(Object(Closure))
#34 /Users/brunokristian/Documents/ADOcare/vendor/laravel/framework/src/Illuminate/Container/BoundMethod.php(35): Illuminate\\Container\\BoundMethod::callBoundMethod(Object(Illuminate\\Foundation\\Application), Array, Object(Closure))
#35 /Users/brunokristian/Documents/ADOcare/vendor/laravel/framework/src/Illuminate/Container/Container.php(836): Illuminate\\Container\\BoundMethod::call(Object(Illuminate\\Foundation\\Application), Array, Array, NULL)
#36 /Users/brunokristian/Documents/ADOcare/vendor/laravel/framework/src/Illuminate/Console/Command.php(211): Illuminate\\Container\\Container->call(Array)
#37 /Users/brunokristian/Documents/ADOcare/vendor/symfony/console/Command/Command.php(318): Illuminate\\Console\\Command->execute(Object(Symfony\\Component\\Console\\Input\\ArgvInput), Object(Illuminate\\Console\\OutputStyle))
#38 /Users/brunokristian/Documents/ADOcare/vendor/laravel/framework/src/Illuminate/Console/Command.php(180): Symfony\\Component\\Console\\Command\\Command->run(Object(Symfony\\Component\\Console\\Input\\ArgvInput), Object(Illuminate\\Console\\OutputStyle))
#39 /Users/brunokristian/Documents/ADOcare/vendor/symfony/console/Application.php(1073): Illuminate\\Console\\Command->run(Object(Symfony\\Component\\Console\\Input\\ArgvInput), Object(Symfony\\Component\\Console\\Output\\ConsoleOutput))
#40 /Users/brunokristian/Documents/ADOcare/vendor/symfony/console/Application.php(356): Symfony\\Component\\Console\\Application->doRunCommand(Object(Illuminate\\Database\\Console\\Seeds\\SeedCommand), Object(Symfony\\Component\\Console\\Input\\ArgvInput), Object(Symfony\\Component\\Console\\Output\\ConsoleOutput))
#41 /Users/brunokristian/Documents/ADOcare/vendor/symfony/console/Application.php(195): Symfony\\Component\\Console\\Application->doRun(Object(Symfony\\Component\\Console\\Input\\ArgvInput), Object(Symfony\\Component\\Console\\Output\\ConsoleOutput))
#42 /Users/brunokristian/Documents/ADOcare/vendor/laravel/framework/src/Illuminate/Foundation/Console/Kernel.php(197): Symfony\\Component\\Console\\Application->run(Object(Symfony\\Component\\Console\\Input\\ArgvInput), Object(Symfony\\Component\\Console\\Output\\ConsoleOutput))
#43 /Users/brunokristian/Documents/ADOcare/vendor/laravel/framework/src/Illuminate/Foundation/Application.php(1235): Illuminate\\Foundation\\Console\\Kernel->handle(Object(Symfony\\Component\\Console\\Input\\ArgvInput), Object(Symfony\\Component\\Console\\Output\\ConsoleOutput))
#44 /Users/brunokristian/Documents/ADOcare/artisan(16): Illuminate\\Foundation\\Application->handleCommand(Object(Symfony\\Component\\Console\\Input\\ArgvInput))
#45 {main}

[previous exception] [object] (PDOException(code: 42703): SQLSTATE[42703]: Undefined column: 7 ERROR:  column \"login\" of relation \"users\" does not exist
LINE 1: ...ers\" (\"code\", \"first_name\", \"last_name\", \"email\", \"login\", \"...
                                                             ^ at /Users/brunokristian/Documents/ADOcare/vendor/laravel/framework/src/Illuminate/Database/Connection.php:411)
[stacktrace]
#0 /Users/brunokristian/Documents/ADOcare/vendor/laravel/framework/src/Illuminate/Database/Connection.php(411): PDOStatement->execute()
#1 /Users/brunokristian/Documents/ADOcare/vendor/laravel/framework/src/Illuminate/Database/Connection.php(811): Illuminate\\Database\\Connection->Illuminate\\Database\\{closure}('insert into \"us...', Array)
#2 /Users/brunokristian/Documents/ADOcare/vendor/laravel/framework/src/Illuminate/Database/Connection.php(778): Illuminate\\Database\\Connection->runQueryCallback('insert into \"us...', Array, Object(Closure))
#3 /Users/brunokristian/Documents/ADOcare/vendor/laravel/framework/src/Illuminate/Database/Connection.php(397): Illuminate\\Database\\Connection->run('insert into \"us...', Array, Object(Closure))
#4 /Users/brunokristian/Documents/ADOcare/vendor/laravel/framework/src/Illuminate/Database/Connection.php(384): Illuminate\\Database\\Connection->select('insert into \"us...', Array, false)
#5 /Users/brunokristian/Documents/ADOcare/vendor/laravel/framework/src/Illuminate/Database/Query/Processors/PostgresProcessor.php(24): Illuminate\\Database\\Connection->selectFromWriteConnection('insert into \"us...', Array)
#6 /Users/brunokristian/Documents/ADOcare/vendor/laravel/framework/src/Illuminate/Database/Query/Builder.php(3853): Illuminate\\Database\\Query\\Processors\\PostgresProcessor->processInsertGetId(Object(Illuminate\\Database\\Query\\Builder), 'insert into \"us...', Array, 'id')
#7 /Users/brunokristian/Documents/ADOcare/vendor/laravel/framework/src/Illuminate/Database/Eloquent/Builder.php(2235): Illuminate\\Database\\Query\\Builder->insertGetId(Array, 'id')
#8 /Users/brunokristian/Documents/ADOcare/vendor/laravel/framework/src/Illuminate/Database/Eloquent/Model.php(1436): Illuminate\\Database\\Eloquent\\Builder->__call('insertGetId', Array)
#9 /Users/brunokristian/Documents/ADOcare/vendor/laravel/framework/src/Illuminate/Database/Eloquent/Model.php(1401): Illuminate\\Database\\Eloquent\\Model->insertAndSetId(Object(Illuminate\\Database\\Eloquent\\Builder), Array)
#10 /Users/brunokristian/Documents/ADOcare/vendor/laravel/framework/src/Illuminate/Database/Eloquent/Model.php(1240): Illuminate\\Database\\Eloquent\\Model->performInsert(Object(Illuminate\\Database\\Eloquent\\Builder))
#11 /Users/brunokristian/Documents/ADOcare/vendor/laravel/framework/src/Illuminate/Database/Eloquent/Builder.php(1219): Illuminate\\Database\\Eloquent\\Model->save()
#12 /Users/brunokristian/Documents/ADOcare/vendor/laravel/framework/src/Illuminate/Support/helpers.php(390): Illuminate\\Database\\Eloquent\\Builder->Illuminate\\Database\\Eloquent\\{closure}(Object(App\\Models\\User))
#13 /Users/brunokristian/Documents/ADOcare/vendor/laravel/framework/src/Illuminate/Database/Eloquent/Builder.php(1218): tap(Object(App\\Models\\User), Object(Closure))
#14 /Users/brunokristian/Documents/ADOcare/vendor/laravel/framework/src/Illuminate/Database/Eloquent/Builder.php(725): Illuminate\\Database\\Eloquent\\Builder->create(Array)
#15 /Users/brunokristian/Documents/ADOcare/vendor/laravel/framework/src/Illuminate/Database/Eloquent/Builder.php(1959): Illuminate\\Database\\Eloquent\\Builder->Illuminate\\Database\\Eloquent\\{closure}()
#16 /Users/brunokristian/Documents/ADOcare/vendor/laravel/framework/src/Illuminate/Database/Eloquent/Builder.php(725): Illuminate\\Database\\Eloquent\\Builder->withSavepointIfNeeded(Object(Closure))
#17 /Users/brunokristian/Documents/ADOcare/vendor/laravel/framework/src/Illuminate/Database/Eloquent/Builder.php(712): Illuminate\\Database\\Eloquent\\Builder->createOrFirst(Array, Array)
#18 /Users/brunokristian/Documents/ADOcare/vendor/laravel/framework/src/Illuminate/Database/Eloquent/Builder.php(740): Illuminate\\Database\\Eloquent\\Builder->firstOrCreate(Array, Array)
#19 /Users/brunokristian/Documents/ADOcare/vendor/laravel/framework/src/Illuminate/Support/Traits/ForwardsCalls.php(23): Illuminate\\Database\\Eloquent\\Builder->updateOrCreate(Array, Array)
#20 /Users/brunokristian/Documents/ADOcare/vendor/laravel/framework/src/Illuminate/Database/Eloquent/Model.php(2540): Illuminate\\Database\\Eloquent\\Model->forwardCallTo(Object(Illuminate\\Database\\Eloquent\\Builder), 'updateOrCreate', Array)
#21 /Users/brunokristian/Documents/ADOcare/vendor/laravel/framework/src/Illuminate/Database/Eloquent/Model.php(2556): Illuminate\\Database\\Eloquent\\Model->__call('updateOrCreate', Array)
#22 /Users/brunokristian/Documents/ADOcare/database/seeders/DatabaseSeeder.php(22): Illuminate\\Database\\Eloquent\\Model::__callStatic('updateOrCreate', Array)
#23 /Users/brunokristian/Documents/ADOcare/vendor/laravel/framework/src/Illuminate/Container/BoundMethod.php(36): Database\\Seeders\\DatabaseSeeder->run()
#24 /Users/brunokristian/Documents/ADOcare/vendor/laravel/framework/src/Illuminate/Container/Util.php(43): Illuminate\\Container\\BoundMethod::Illuminate\\Container\\{closure}()
#25 /Users/brunokristian/Documents/ADOcare/vendor/laravel/framework/src/Illuminate/Container/BoundMethod.php(96): Illuminate\\Container\\Util::unwrapIfClosure(Object(Closure))
#26 /Users/brunokristian/Documents/ADOcare/vendor/laravel/framework/src/Illuminate/Container/BoundMethod.php(35): Illuminate\\Container\\BoundMethod::callBoundMethod(Object(Illuminate\\Foundation\\Application), Array, Object(Closure))
#27 /Users/brunokristian/Documents/ADOcare/vendor/laravel/framework/src/Illuminate/Container/Container.php(836): Illuminate\\Container\\BoundMethod::call(Object(Illuminate\\Foundation\\Application), Array, Array, NULL)
#28 /Users/brunokristian/Documents/ADOcare/vendor/laravel/framework/src/Illuminate/Database/Seeder.php(184): Illuminate\\Container\\Container->call(Array, Array)
#29 /Users/brunokristian/Documents/ADOcare/vendor/laravel/framework/src/Illuminate/Database/Seeder.php(193): Illuminate\\Database\\Seeder->Illuminate\\Database\\{closure}()
#30 /Users/brunokristian/Documents/ADOcare/vendor/laravel/framework/src/Illuminate/Database/Console/Seeds/SeedCommand.php(71): Illuminate\\Database\\Seeder->__invoke()
#31 /Users/brunokristian/Documents/ADOcare/vendor/laravel/framework/src/Illuminate/Database/Eloquent/Concerns/GuardsAttributes.php(157): Illuminate\\Database\\Console\\Seeds\\SeedCommand->Illuminate\\Database\\Console\\Seeds\\{closure}()
#32 /Users/brunokristian/Documents/ADOcare/vendor/laravel/framework/src/Illuminate/Database/Console/Seeds/SeedCommand.php(70): Illuminate\\Database\\Eloquent\\Model::unguarded(Object(Closure))
#33 /Users/brunokristian/Documents/ADOcare/vendor/laravel/framework/src/Illuminate/Container/BoundMethod.php(36): Illuminate\\Database\\Console\\Seeds\\SeedCommand->handle()
#34 /Users/brunokristian/Documents/ADOcare/vendor/laravel/framework/src/Illuminate/Container/Util.php(43): Illuminate\\Container\\BoundMethod::Illuminate\\Container\\{closure}()
#35 /Users/brunokristian/Documents/ADOcare/vendor/laravel/framework/src/Illuminate/Container/BoundMethod.php(96): Illuminate\\Container\\Util::unwrapIfClosure(Object(Closure))
#36 /Users/brunokristian/Documents/ADOcare/vendor/laravel/framework/src/Illuminate/Container/BoundMethod.php(35): Illuminate\\Container\\BoundMethod::callBoundMethod(Object(Illuminate\\Foundation\\Application), Array, Object(Closure))
#37 /Users/brunokristian/Documents/ADOcare/vendor/laravel/framework/src/Illuminate/Container/Container.php(836): Illuminate\\Container\\BoundMethod::call(Object(Illuminate\\Foundation\\Application), Array, Array, NULL)
#38 /Users/brunokristian/Documents/ADOcare/vendor/laravel/framework/src/Illuminate/Console/Command.php(211): Illuminate\\Container\\Container->call(Array)
#39 /Users/brunokristian/Documents/ADOcare/vendor/symfony/console/Command/Command.php(318): Illuminate\\Console\\Command->execute(Object(Symfony\\Component\\Console\\Input\\ArgvInput), Object(Illuminate\\Console\\OutputStyle))
#40 /Users/brunokristian/Documents/ADOcare/vendor/laravel/framework/src/Illuminate/Console/Command.php(180): Symfony\\Component\\Console\\Command\\Command->run(Object(Symfony\\Component\\Console\\Input\\ArgvInput), Object(Illuminate\\Console\\OutputStyle))
#41 /Users/brunokristian/Documents/ADOcare/vendor/symfony/console/Application.php(1073): Illuminate\\Console\\Command->run(Object(Symfony\\Component\\Console\\Input\\ArgvInput), Object(Symfony\\Component\\Console\\Output\\ConsoleOutput))
#42 /Users/brunokristian/Documents/ADOcare/vendor/symfony/console/Application.php(356): Symfony\\Component\\Console\\Application->doRunCommand(Object(Illuminate\\Database\\Console\\Seeds\\SeedCommand), Object(Symfony\\Component\\Console\\Input\\ArgvInput), Object(Symfony\\Component\\Console\\Output\\ConsoleOutput))
#43 /Users/brunokristian/Documents/ADOcare/vendor/symfony/console/Application.php(195): Symfony\\Component\\Console\\Application->doRun(Object(Symfony\\Component\\Console\\Input\\ArgvInput), Object(Symfony\\Component\\Console\\Output\\ConsoleOutput))
#44 /Users/brunokristian/Documents/ADOcare/vendor/laravel/framework/src/Illuminate/Foundation/Console/Kernel.php(197): Symfony\\Component\\Console\\Application->run(Object(Symfony\\Component\\Console\\Input\\ArgvInput), Object(Symfony\\Component\\Console\\Output\\ConsoleOutput))
#45 /Users/brunokristian/Documents/ADOcare/vendor/laravel/framework/src/Illuminate/Foundation/Application.php(1235): Illuminate\\Foundation\\Console\\Kernel->handle(Object(Symfony\\Component\\Console\\Input\\ArgvInput), Object(Symfony\\Component\\Console\\Output\\ConsoleOutput))
#46 /Users/brunokristian/Documents/ADOcare/artisan(16): Illuminate\\Foundation\\Application->handleCommand(Object(Symfony\\Component\\Console\\Input\\ArgvInput))
#47 {main}
"} 
[2025-11-16 14:24:18] local.ERROR: SQLSTATE[42703]: Undefined column: 7 ERROR:  column "login" of relation "users" does not exist
LINE 1: ...ers" ("code", "first_name", "last_name", "email", "login", "...
                                                             ^ (Connection: pgsql, SQL: insert into "users" ("code", "first_name", "last_name", "email", "login", "pin", "initials", "updated_at", "created_at") values (admin, Admin, User, admin@example.sk, admin, $2y$12$R8X2jGVHgqCpePkkHRzk8OHoBsnFHATcDjWQaV6Yi4Oqgda6MK2m2, AU, 2025-11-16 14:24:18, 2025-11-16 14:24:18) returning "id") {"exception":"[object] (Illuminate\\Database\\QueryException(code: 42703): SQLSTATE[42703]: Undefined column: 7 ERROR:  column \"login\" of relation \"users\" does not exist
LINE 1: ...ers\" (\"code\", \"first_name\", \"last_name\", \"email\", \"login\", \"...
                                                             ^ (Connection: pgsql, SQL: insert into \"users\" (\"code\", \"first_name\", \"last_name\", \"email\", \"login\", \"pin\", \"initials\", \"updated_at\", \"created_at\") values (admin, Admin, User, admin@example.sk, admin, $2y$12$R8X2jGVHgqCpePkkHRzk8OHoBsnFHATcDjWQaV6Yi4Oqgda6MK2m2, AU, 2025-11-16 14:24:18, 2025-11-16 14:24:18) returning \"id\") at /Users/brunokristian/Documents/ADOcare/vendor/laravel/framework/src/Illuminate/Database/Connection.php:824)
[stacktrace]
#0 /Users/brunokristian/Documents/ADOcare/vendor/laravel/framework/src/Illuminate/Database/Connection.php(778): Illuminate\\Database\\Connection->runQueryCallback('insert into \"us...', Array, Object(Closure))
#1 /Users/brunokristian/Documents/ADOcare/vendor/laravel/framework/src/Illuminate/Database/Connection.php(397): Illuminate\\Database\\Connection->run('insert into \"us...', Array, Object(Closure))
#2 /Users/brunokristian/Documents/ADOcare/vendor/laravel/framework/src/Illuminate/Database/Connection.php(384): Illuminate\\Database\\Connection->select('insert into \"us...', Array, false)
#3 /Users/brunokristian/Documents/ADOcare/vendor/laravel/framework/src/Illuminate/Database/Query/Processors/PostgresProcessor.php(24): Illuminate\\Database\\Connection->selectFromWriteConnection('insert into \"us...', Array)
#4 /Users/brunokristian/Documents/ADOcare/vendor/laravel/framework/src/Illuminate/Database/Query/Builder.php(3853): Illuminate\\Database\\Query\\Processors\\PostgresProcessor->processInsertGetId(Object(Illuminate\\Database\\Query\\Builder), 'insert into \"us...', Array, 'id')
#5 /Users/brunokristian/Documents/ADOcare/vendor/laravel/framework/src/Illuminate/Database/Eloquent/Builder.php(2235): Illuminate\\Database\\Query\\Builder->insertGetId(Array, 'id')
#6 /Users/brunokristian/Documents/ADOcare/vendor/laravel/framework/src/Illuminate/Database/Eloquent/Model.php(1436): Illuminate\\Database\\Eloquent\\Builder->__call('insertGetId', Array)
#7 /Users/brunokristian/Documents/ADOcare/vendor/laravel/framework/src/Illuminate/Database/Eloquent/Model.php(1401): Illuminate\\Database\\Eloquent\\Model->insertAndSetId(Object(Illuminate\\Database\\Eloquent\\Builder), Array)
#8 /Users/brunokristian/Documents/ADOcare/vendor/laravel/framework/src/Illuminate/Database/Eloquent/Model.php(1240): Illuminate\\Database\\Eloquent\\Model->performInsert(Object(Illuminate\\Database\\Eloquent\\Builder))
#9 /Users/brunokristian/Documents/ADOcare/vendor/laravel/framework/src/Illuminate/Database/Eloquent/Builder.php(1219): Illuminate\\Database\\Eloquent\\Model->save()
#10 /Users/brunokristian/Documents/ADOcare/vendor/laravel/framework/src/Illuminate/Support/helpers.php(390): Illuminate\\Database\\Eloquent\\Builder->Illuminate\\Database\\Eloquent\\{closure}(Object(App\\Models\\User))
#11 /Users/brunokristian/Documents/ADOcare/vendor/laravel/framework/src/Illuminate/Database/Eloquent/Builder.php(1218): tap(Object(App\\Models\\User), Object(Closure))
#12 /Users/brunokristian/Documents/ADOcare/vendor/laravel/framework/src/Illuminate/Database/Eloquent/Builder.php(725): Illuminate\\Database\\Eloquent\\Builder->create(Array)
#13 /Users/brunokristian/Documents/ADOcare/vendor/laravel/framework/src/Illuminate/Database/Eloquent/Builder.php(1959): Illuminate\\Database\\Eloquent\\Builder->Illuminate\\Database\\Eloquent\\{closure}()
#14 /Users/brunokristian/Documents/ADOcare/vendor/laravel/framework/src/Illuminate/Database/Eloquent/Builder.php(725): Illuminate\\Database\\Eloquent\\Builder->withSavepointIfNeeded(Object(Closure))
#15 /Users/brunokristian/Documents/ADOcare/vendor/laravel/framework/src/Illuminate/Database/Eloquent/Builder.php(712): Illuminate\\Database\\Eloquent\\Builder->createOrFirst(Array, Array)
#16 /Users/brunokristian/Documents/ADOcare/vendor/laravel/framework/src/Illuminate/Database/Eloquent/Builder.php(740): Illuminate\\Database\\Eloquent\\Builder->firstOrCreate(Array, Array)
#17 /Users/brunokristian/Documents/ADOcare/vendor/laravel/framework/src/Illuminate/Support/Traits/ForwardsCalls.php(23): Illuminate\\Database\\Eloquent\\Builder->updateOrCreate(Array, Array)
#18 /Users/brunokristian/Documents/ADOcare/vendor/laravel/framework/src/Illuminate/Database/Eloquent/Model.php(2540): Illuminate\\Database\\Eloquent\\Model->forwardCallTo(Object(Illuminate\\Database\\Eloquent\\Builder), 'updateOrCreate', Array)
#19 /Users/brunokristian/Documents/ADOcare/vendor/laravel/framework/src/Illuminate/Database/Eloquent/Model.php(2556): Illuminate\\Database\\Eloquent\\Model->__call('updateOrCreate', Array)
#20 /Users/brunokristian/Documents/ADOcare/database/seeders/DatabaseSeeder.php(22): Illuminate\\Database\\Eloquent\\Model::__callStatic('updateOrCreate', Array)
#21 /Users/brunokristian/Documents/ADOcare/vendor/laravel/framework/src/Illuminate/Container/BoundMethod.php(36): Database\\Seeders\\DatabaseSeeder->run()
#22 /Users/brunokristian/Documents/ADOcare/vendor/laravel/framework/src/Illuminate/Container/Util.php(43): Illuminate\\Container\\BoundMethod::Illuminate\\Container\\{closure}()
#23 /Users/brunokristian/Documents/ADOcare/vendor/laravel/framework/src/Illuminate/Container/BoundMethod.php(96): Illuminate\\Container\\Util::unwrapIfClosure(Object(Closure))
#24 /Users/brunokristian/Documents/ADOcare/vendor/laravel/framework/src/Illuminate/Container/BoundMethod.php(35): Illuminate\\Container\\BoundMethod::callBoundMethod(Object(Illuminate\\Foundation\\Application), Array, Object(Closure))
#25 /Users/brunokristian/Documents/ADOcare/vendor/laravel/framework/src/Illuminate/Container/Container.php(836): Illuminate\\Container\\BoundMethod::call(Object(Illuminate\\Foundation\\Application), Array, Array, NULL)
#26 /Users/brunokristian/Documents/ADOcare/vendor/laravel/framework/src/Illuminate/Database/Seeder.php(184): Illuminate\\Container\\Container->call(Array, Array)
#27 /Users/brunokristian/Documents/ADOcare/vendor/laravel/framework/src/Illuminate/Database/Seeder.php(193): Illuminate\\Database\\Seeder->Illuminate\\Database\\{closure}()
#28 /Users/brunokristian/Documents/ADOcare/vendor/laravel/framework/src/Illuminate/Database/Console/Seeds/SeedCommand.php(71): Illuminate\\Database\\Seeder->__invoke()
#29 /Users/brunokristian/Documents/ADOcare/vendor/laravel/framework/src/Illuminate/Database/Eloquent/Concerns/GuardsAttributes.php(157): Illuminate\\Database\\Console\\Seeds\\SeedCommand->Illuminate\\Database\\Console\\Seeds\\{closure}()
#30 /Users/brunokristian/Documents/ADOcare/vendor/laravel/framework/src/Illuminate/Database/Console/Seeds/SeedCommand.php(70): Illuminate\\Database\\Eloquent\\Model::unguarded(Object(Closure))
#31 /Users/brunokristian/Documents/ADOcare/vendor/laravel/framework/src/Illuminate/Container/BoundMethod.php(36): Illuminate\\Database\\Console\\Seeds\\SeedCommand->handle()
#32 /Users/brunokristian/Documents/ADOcare/vendor/laravel/framework/src/Illuminate/Container/Util.php(43): Illuminate\\Container\\BoundMethod::Illuminate\\Container\\{closure}()
#33 /Users/brunokristian/Documents/ADOcare/vendor/laravel/framework/src/Illuminate/Container/BoundMethod.php(96): Illuminate\\Container\\Util::unwrapIfClosure(Object(Closure))
#34 /Users/brunokristian/Documents/ADOcare/vendor/laravel/framework/src/Illuminate/Container/BoundMethod.php(35): Illuminate\\Container\\BoundMethod::callBoundMethod(Object(Illuminate\\Foundation\\Application), Array, Object(Closure))
#35 /Users/brunokristian/Documents/ADOcare/vendor/laravel/framework/src/Illuminate/Container/Container.php(836): Illuminate\\Container\\BoundMethod::call(Object(Illuminate\\Foundation\\Application), Array, Array, NULL)
#36 /Users/brunokristian/Documents/ADOcare/vendor/laravel/framework/src/Illuminate/Console/Command.php(211): Illuminate\\Container\\Container->call(Array)
#37 /Users/brunokristian/Documents/ADOcare/vendor/symfony/console/Command/Command.php(318): Illuminate\\Console\\Command->execute(Object(Symfony\\Component\\Console\\Input\\ArgvInput), Object(Illuminate\\Console\\OutputStyle))
#38 /Users/brunokristian/Documents/ADOcare/vendor/laravel/framework/src/Illuminate/Console/Command.php(180): Symfony\\Component\\Console\\Command\\Command->run(Object(Symfony\\Component\\Console\\Input\\ArgvInput), Object(Illuminate\\Console\\OutputStyle))
#39 /Users/brunokristian/Documents/ADOcare/vendor/symfony/console/Application.php(1073): Illuminate\\Console\\Command->run(Object(Symfony\\Component\\Console\\Input\\ArgvInput), Object(Symfony\\Component\\Console\\Output\\ConsoleOutput))
#40 /Users/brunokristian/Documents/ADOcare/vendor/symfony/console/Application.php(356): Symfony\\Component\\Console\\Application->doRunCommand(Object(Illuminate\\Database\\Console\\Seeds\\SeedCommand), Object(Symfony\\Component\\Console\\Input\\ArgvInput), Object(Symfony\\Component\\Console\\Output\\ConsoleOutput))
#41 /Users/brunokristian/Documents/ADOcare/vendor/symfony/console/Application.php(195): Symfony\\Component\\Console\\Application->doRun(Object(Symfony\\Component\\Console\\Input\\ArgvInput), Object(Symfony\\Component\\Console\\Output\\ConsoleOutput))
#42 /Users/brunokristian/Documents/ADOcare/vendor/laravel/framework/src/Illuminate/Foundation/Console/Kernel.php(197): Symfony\\Component\\Console\\Application->run(Object(Symfony\\Component\\Console\\Input\\ArgvInput), Object(Symfony\\Component\\Console\\Output\\ConsoleOutput))
#43 /Users/brunokristian/Documents/ADOcare/vendor/laravel/framework/src/Illuminate/Foundation/Application.php(1235): Illuminate\\Foundation\\Console\\Kernel->handle(Object(Symfony\\Component\\Console\\Input\\ArgvInput), Object(Symfony\\Component\\Console\\Output\\ConsoleOutput))
#44 /Users/brunokristian/Documents/ADOcare/artisan(16): Illuminate\\Foundation\\Application->handleCommand(Object(Symfony\\Component\\Console\\Input\\ArgvInput))
#45 {main}

[previous exception] [object] (PDOException(code: 42703): SQLSTATE[42703]: Undefined column: 7 ERROR:  column \"login\" of relation \"users\" does not exist
LINE 1: ...ers\" (\"code\", \"first_name\", \"last_name\", \"email\", \"login\", \"...
                                                             ^ at /Users/brunokristian/Documents/ADOcare/vendor/laravel/framework/src/Illuminate/Database/Connection.php:411)
[stacktrace]
#0 /Users/brunokristian/Documents/ADOcare/vendor/laravel/framework/src/Illuminate/Database/Connection.php(411): PDOStatement->execute()
#1 /Users/brunokristian/Documents/ADOcare/vendor/laravel/framework/src/Illuminate/Database/Connection.php(811): Illuminate\\Database\\Connection->Illuminate\\Database\\{closure}('insert into \"us...', Array)
#2 /Users/brunokristian/Documents/ADOcare/vendor/laravel/framework/src/Illuminate/Database/Connection.php(778): Illuminate\\Database\\Connection->runQueryCallback('insert into \"us...', Array, Object(Closure))
#3 /Users/brunokristian/Documents/ADOcare/vendor/laravel/framework/src/Illuminate/Database/Connection.php(397): Illuminate\\Database\\Connection->run('insert into \"us...', Array, Object(Closure))
#4 /Users/brunokristian/Documents/ADOcare/vendor/laravel/framework/src/Illuminate/Database/Connection.php(384): Illuminate\\Database\\Connection->select('insert into \"us...', Array, false)
#5 /Users/brunokristian/Documents/ADOcare/vendor/laravel/framework/src/Illuminate/Database/Query/Processors/PostgresProcessor.php(24): Illuminate\\Database\\Connection->selectFromWriteConnection('insert into \"us...', Array)
#6 /Users/brunokristian/Documents/ADOcare/vendor/laravel/framework/src/Illuminate/Database/Query/Builder.php(3853): Illuminate\\Database\\Query\\Processors\\PostgresProcessor->processInsertGetId(Object(Illuminate\\Database\\Query\\Builder), 'insert into \"us...', Array, 'id')
#7 /Users/brunokristian/Documents/ADOcare/vendor/laravel/framework/src/Illuminate/Database/Eloquent/Builder.php(2235): Illuminate\\Database\\Query\\Builder->insertGetId(Array, 'id')
#8 /Users/brunokristian/Documents/ADOcare/vendor/laravel/framework/src/Illuminate/Database/Eloquent/Model.php(1436): Illuminate\\Database\\Eloquent\\Builder->__call('insertGetId', Array)
#9 /Users/brunokristian/Documents/ADOcare/vendor/laravel/framework/src/Illuminate/Database/Eloquent/Model.php(1401): Illuminate\\Database\\Eloquent\\Model->insertAndSetId(Object(Illuminate\\Database\\Eloquent\\Builder), Array)
#10 /Users/brunokristian/Documents/ADOcare/vendor/laravel/framework/src/Illuminate/Database/Eloquent/Model.php(1240): Illuminate\\Database\\Eloquent\\Model->performInsert(Object(Illuminate\\Database\\Eloquent\\Builder))
#11 /Users/brunokristian/Documents/ADOcare/vendor/laravel/framework/src/Illuminate/Database/Eloquent/Builder.php(1219): Illuminate\\Database\\Eloquent\\Model->save()
#12 /Users/brunokristian/Documents/ADOcare/vendor/laravel/framework/src/Illuminate/Support/helpers.php(390): Illuminate\\Database\\Eloquent\\Builder->Illuminate\\Database\\Eloquent\\{closure}(Object(App\\Models\\User))
#13 /Users/brunokristian/Documents/ADOcare/vendor/laravel/framework/src/Illuminate/Database/Eloquent/Builder.php(1218): tap(Object(App\\Models\\User), Object(Closure))
#14 /Users/brunokristian/Documents/ADOcare/vendor/laravel/framework/src/Illuminate/Database/Eloquent/Builder.php(725): Illuminate\\Database\\Eloquent\\Builder->create(Array)
#15 /Users/brunokristian/Documents/ADOcare/vendor/laravel/framework/src/Illuminate/Database/Eloquent/Builder.php(1959): Illuminate\\Database\\Eloquent\\Builder->Illuminate\\Database\\Eloquent\\{closure}()
#16 /Users/brunokristian/Documents/ADOcare/vendor/laravel/framework/src/Illuminate/Database/Eloquent/Builder.php(725): Illuminate\\Database\\Eloquent\\Builder->withSavepointIfNeeded(Object(Closure))
#17 /Users/brunokristian/Documents/ADOcare/vendor/laravel/framework/src/Illuminate/Database/Eloquent/Builder.php(712): Illuminate\\Database\\Eloquent\\Builder->createOrFirst(Array, Array)
#18 /Users/brunokristian/Documents/ADOcare/vendor/laravel/framework/src/Illuminate/Database/Eloquent/Builder.php(740): Illuminate\\Database\\Eloquent\\Builder->firstOrCreate(Array, Array)
#19 /Users/brunokristian/Documents/ADOcare/vendor/laravel/framework/src/Illuminate/Support/Traits/ForwardsCalls.php(23): Illuminate\\Database\\Eloquent\\Builder->updateOrCreate(Array, Array)
#20 /Users/brunokristian/Documents/ADOcare/vendor/laravel/framework/src/Illuminate/Database/Eloquent/Model.php(2540): Illuminate\\Database\\Eloquent\\Model->forwardCallTo(Object(Illuminate\\Database\\Eloquent\\Builder), 'updateOrCreate', Array)
#21 /Users/brunokristian/Documents/ADOcare/vendor/laravel/framework/src/Illuminate/Database/Eloquent/Model.php(2556): Illuminate\\Database\\Eloquent\\Model->__call('updateOrCreate', Array)
#22 /Users/brunokristian/Documents/ADOcare/database/seeders/DatabaseSeeder.php(22): Illuminate\\Database\\Eloquent\\Model::__callStatic('updateOrCreate', Array)
#23 /Users/brunokristian/Documents/ADOcare/vendor/laravel/framework/src/Illuminate/Container/BoundMethod.php(36): Database\\Seeders\\DatabaseSeeder->run()
#24 /Users/brunokristian/Documents/ADOcare/vendor/laravel/framework/src/Illuminate/Container/Util.php(43): Illuminate\\Container\\BoundMethod::Illuminate\\Container\\{closure}()
#25 /Users/brunokristian/Documents/ADOcare/vendor/laravel/framework/src/Illuminate/Container/BoundMethod.php(96): Illuminate\\Container\\Util::unwrapIfClosure(Object(Closure))
#26 /Users/brunokristian/Documents/ADOcare/vendor/laravel/framework/src/Illuminate/Container/BoundMethod.php(35): Illuminate\\Container\\BoundMethod::callBoundMethod(Object(Illuminate\\Foundation\\Application), Array, Object(Closure))
#27 /Users/brunokristian/Documents/ADOcare/vendor/laravel/framework/src/Illuminate/Container/Container.php(836): Illuminate\\Container\\BoundMethod::call(Object(Illuminate\\Foundation\\Application), Array, Array, NULL)
#28 /Users/brunokristian/Documents/ADOcare/vendor/laravel/framework/src/Illuminate/Database/Seeder.php(184): Illuminate\\Container\\Container->call(Array, Array)
#29 /Users/brunokristian/Documents/ADOcare/vendor/laravel/framework/src/Illuminate/Database/Seeder.php(193): Illuminate\\Database\\Seeder->Illuminate\\Database\\{closure}()
#30 /Users/brunokristian/Documents/ADOcare/vendor/laravel/framework/src/Illuminate/Database/Console/Seeds/SeedCommand.php(71): Illuminate\\Database\\Seeder->__invoke()
#31 /Users/brunokristian/Documents/ADOcare/vendor/laravel/framework/src/Illuminate/Database/Eloquent/Concerns/GuardsAttributes.php(157): Illuminate\\Database\\Console\\Seeds\\SeedCommand->Illuminate\\Database\\Console\\Seeds\\{closure}()
#32 /Users/brunokristian/Documents/ADOcare/vendor/laravel/framework/src/Illuminate/Database/Console/Seeds/SeedCommand.php(70): Illuminate\\Database\\Eloquent\\Model::unguarded(Object(Closure))
#33 /Users/brunokristian/Documents/ADOcare/vendor/laravel/framework/src/Illuminate/Container/BoundMethod.php(36): Illuminate\\Database\\Console\\Seeds\\SeedCommand->handle()
#34 /Users/brunokristian/Documents/ADOcare/vendor/laravel/framework/src/Illuminate/Container/Util.php(43): Illuminate\\Container\\BoundMethod::Illuminate\\Container\\{closure}()
#35 /Users/brunokristian/Documents/ADOcare/vendor/laravel/framework/src/Illuminate/Container/BoundMethod.php(96): Illuminate\\Container\\Util::unwrapIfClosure(Object(Closure))
#36 /Users/brunokristian/Documents/ADOcare/vendor/laravel/framework/src/Illuminate/Container/BoundMethod.php(35): Illuminate\\Container\\BoundMethod::callBoundMethod(Object(Illuminate\\Foundation\\Application), Array, Object(Closure))
#37 /Users/brunokristian/Documents/ADOcare/vendor/laravel/framework/src/Illuminate/Container/Container.php(836): Illuminate\\Container\\BoundMethod::call(Object(Illuminate\\Foundation\\Application), Array, Array, NULL)
#38 /Users/brunokristian/Documents/ADOcare/vendor/laravel/framework/src/Illuminate/Console/Command.php(211): Illuminate\\Container\\Container->call(Array)
#39 /Users/brunokristian/Documents/ADOcare/vendor/symfony/console/Command/Command.php(318): Illuminate\\Console\\Command->execute(Object(Symfony\\Component\\Console\\Input\\ArgvInput), Object(Illuminate\\Console\\OutputStyle))
#40 /Users/brunokristian/Documents/ADOcare/vendor/laravel/framework/src/Illuminate/Console/Command.php(180): Symfony\\Component\\Console\\Command\\Command->run(Object(Symfony\\Component\\Console\\Input\\ArgvInput), Object(Illuminate\\Console\\OutputStyle))
#41 /Users/brunokristian/Documents/ADOcare/vendor/symfony/console/Application.php(1073): Illuminate\\Console\\Command->run(Object(Symfony\\Component\\Console\\Input\\ArgvInput), Object(Symfony\\Component\\Console\\Output\\ConsoleOutput))
#42 /Users/brunokristian/Documents/ADOcare/vendor/symfony/console/Application.php(356): Symfony\\Component\\Console\\Application->doRunCommand(Object(Illuminate\\Database\\Console\\Seeds\\SeedCommand), Object(Symfony\\Component\\Console\\Input\\ArgvInput), Object(Symfony\\Component\\Console\\Output\\ConsoleOutput))
#43 /Users/brunokristian/Documents/ADOcare/vendor/symfony/console/Application.php(195): Symfony\\Component\\Console\\Application->doRun(Object(Symfony\\Component\\Console\\Input\\ArgvInput), Object(Symfony\\Component\\Console\\Output\\ConsoleOutput))
#44 /Users/brunokristian/Documents/ADOcare/vendor/laravel/framework/src/Illuminate/Foundation/Console/Kernel.php(197): Symfony\\Component\\Console\\Application->run(Object(Symfony\\Component\\Console\\Input\\ArgvInput), Object(Symfony\\Component\\Console\\Output\\ConsoleOutput))
#45 /Users/brunokristian/Documents/ADOcare/vendor/laravel/framework/src/Illuminate/Foundation/Application.php(1235): Illuminate\\Foundation\\Console\\Kernel->handle(Object(Symfony\\Component\\Console\\Input\\ArgvInput), Object(Symfony\\Component\\Console\\Output\\ConsoleOutput))
#46 /Users/brunokristian/Documents/ADOcare/artisan(16): Illuminate\\Foundation\\Application->handleCommand(Object(Symfony\\Component\\Console\\Input\\ArgvInput))
#47 {main}
"} 
[2025-11-16 14:29:58] local.ERROR: SQLSTATE[42703]: Undefined column: 7 ERROR:  column "login" of relation "users" does not exist
LINE 1: ...ers" ("code", "first_name", "last_name", "email", "login", "...
                                                             ^ (Connection: pgsql, SQL: insert into "users" ("code", "first_name", "last_name", "email", "login", "pin", "initials", "updated_at", "created_at") values (admin, Admin, User, admin@example.sk, admin, $2y$12$AXL3YfZ8gc8nuTWxX8Q/r.IevkwYz/S4K1tM0IBNF.lgTqrYzQE9K, AU, 2025-11-16 14:29:58, 2025-11-16 14:29:58) returning "id") {"exception":"[object] (Illuminate\\Database\\QueryException(code: 42703): SQLSTATE[42703]: Undefined column: 7 ERROR:  column \"login\" of relation \"users\" does not exist
LINE 1: ...ers\" (\"code\", \"first_name\", \"last_name\", \"email\", \"login\", \"...
                                                             ^ (Connection: pgsql, SQL: insert into \"users\" (\"code\", \"first_name\", \"last_name\", \"email\", \"login\", \"pin\", \"initials\", \"updated_at\", \"created_at\") values (admin, Admin, User, admin@example.sk, admin, $2y$12$AXL3YfZ8gc8nuTWxX8Q/r.IevkwYz/S4K1tM0IBNF.lgTqrYzQE9K, AU, 2025-11-16 14:29:58, 2025-11-16 14:29:58) returning \"id\") at /Users/brunokristian/Documents/ADOcare/vendor/laravel/framework/src/Illuminate/Database/Connection.php:824)
[stacktrace]
#0 /Users/brunokristian/Documents/ADOcare/vendor/laravel/framework/src/Illuminate/Database/Connection.php(778): Illuminate\\Database\\Connection->runQueryCallback('insert into \"us...', Array, Object(Closure))
#1 /Users/brunokristian/Documents/ADOcare/vendor/laravel/framework/src/Illuminate/Database/Connection.php(397): Illuminate\\Database\\Connection->run('insert into \"us...', Array, Object(Closure))
#2 /Users/brunokristian/Documents/ADOcare/vendor/laravel/framework/src/Illuminate/Database/Connection.php(384): Illuminate\\Database\\Connection->select('insert into \"us...', Array, false)
#3 /Users/brunokristian/Documents/ADOcare/vendor/laravel/framework/src/Illuminate/Database/Query/Processors/PostgresProcessor.php(24): Illuminate\\Database\\Connection->selectFromWriteConnection('insert into \"us...', Array)
#4 /Users/brunokristian/Documents/ADOcare/vendor/laravel/framework/src/Illuminate/Database/Query/Builder.php(3853): Illuminate\\Database\\Query\\Processors\\PostgresProcessor->processInsertGetId(Object(Illuminate\\Database\\Query\\Builder), 'insert into \"us...', Array, 'id')
#5 /Users/brunokristian/Documents/ADOcare/vendor/laravel/framework/src/Illuminate/Database/Eloquent/Builder.php(2235): Illuminate\\Database\\Query\\Builder->insertGetId(Array, 'id')
#6 /Users/brunokristian/Documents/ADOcare/vendor/laravel/framework/src/Illuminate/Database/Eloquent/Model.php(1436): Illuminate\\Database\\Eloquent\\Builder->__call('insertGetId', Array)
#7 /Users/brunokristian/Documents/ADOcare/vendor/laravel/framework/src/Illuminate/Database/Eloquent/Model.php(1401): Illuminate\\Database\\Eloquent\\Model->insertAndSetId(Object(Illuminate\\Database\\Eloquent\\Builder), Array)
#8 /Users/brunokristian/Documents/ADOcare/vendor/laravel/framework/src/Illuminate/Database/Eloquent/Model.php(1240): Illuminate\\Database\\Eloquent\\Model->performInsert(Object(Illuminate\\Database\\Eloquent\\Builder))
#9 /Users/brunokristian/Documents/ADOcare/vendor/laravel/framework/src/Illuminate/Database/Eloquent/Builder.php(1219): Illuminate\\Database\\Eloquent\\Model->save()
#10 /Users/brunokristian/Documents/ADOcare/vendor/laravel/framework/src/Illuminate/Support/helpers.php(390): Illuminate\\Database\\Eloquent\\Builder->Illuminate\\Database\\Eloquent\\{closure}(Object(App\\Models\\User))
#11 /Users/brunokristian/Documents/ADOcare/vendor/laravel/framework/src/Illuminate/Database/Eloquent/Builder.php(1218): tap(Object(App\\Models\\User), Object(Closure))
#12 /Users/brunokristian/Documents/ADOcare/vendor/laravel/framework/src/Illuminate/Database/Eloquent/Builder.php(725): Illuminate\\Database\\Eloquent\\Builder->create(Array)
#13 /Users/brunokristian/Documents/ADOcare/vendor/laravel/framework/src/Illuminate/Database/Eloquent/Builder.php(1959): Illuminate\\Database\\Eloquent\\Builder->Illuminate\\Database\\Eloquent\\{closure}()
#14 /Users/brunokristian/Documents/ADOcare/vendor/laravel/framework/src/Illuminate/Database/Eloquent/Builder.php(725): Illuminate\\Database\\Eloquent\\Builder->withSavepointIfNeeded(Object(Closure))
#15 /Users/brunokristian/Documents/ADOcare/vendor/laravel/framework/src/Illuminate/Database/Eloquent/Builder.php(712): Illuminate\\Database\\Eloquent\\Builder->createOrFirst(Array, Array)
#16 /Users/brunokristian/Documents/ADOcare/vendor/laravel/framework/src/Illuminate/Database/Eloquent/Builder.php(740): Illuminate\\Database\\Eloquent\\Builder->firstOrCreate(Array, Array)
#17 /Users/brunokristian/Documents/ADOcare/vendor/laravel/framework/src/Illuminate/Support/Traits/ForwardsCalls.php(23): Illuminate\\Database\\Eloquent\\Builder->updateOrCreate(Array, Array)
#18 /Users/brunokristian/Documents/ADOcare/vendor/laravel/framework/src/Illuminate/Database/Eloquent/Model.php(2540): Illuminate\\Database\\Eloquent\\Model->forwardCallTo(Object(Illuminate\\Database\\Eloquent\\Builder), 'updateOrCreate', Array)
#19 /Users/brunokristian/Documents/ADOcare/vendor/laravel/framework/src/Illuminate/Database/Eloquent/Model.php(2556): Illuminate\\Database\\Eloquent\\Model->__call('updateOrCreate', Array)
#20 /Users/brunokristian/Documents/ADOcare/database/seeders/DatabaseSeeder.php(22): Illuminate\\Database\\Eloquent\\Model::__callStatic('updateOrCreate', Array)
#21 /Users/brunokristian/Documents/ADOcare/vendor/laravel/framework/src/Illuminate/Container/BoundMethod.php(36): Database\\Seeders\\DatabaseSeeder->run()
#22 /Users/brunokristian/Documents/ADOcare/vendor/laravel/framework/src/Illuminate/Container/Util.php(43): Illuminate\\Container\\BoundMethod::Illuminate\\Container\\{closure}()
#23 /Users/brunokristian/Documents/ADOcare/vendor/laravel/framework/src/Illuminate/Container/BoundMethod.php(96): Illuminate\\Container\\Util::unwrapIfClosure(Object(Closure))
#24 /Users/brunokristian/Documents/ADOcare/vendor/laravel/framework/src/Illuminate/Container/BoundMethod.php(35): Illuminate\\Container\\BoundMethod::callBoundMethod(Object(Illuminate\\Foundation\\Application), Array, Object(Closure))
#25 /Users/brunokristian/Documents/ADOcare/vendor/laravel/framework/src/Illuminate/Container/Container.php(836): Illuminate\\Container\\BoundMethod::call(Object(Illuminate\\Foundation\\Application), Array, Array, NULL)
#26 /Users/brunokristian/Documents/ADOcare/vendor/laravel/framework/src/Illuminate/Database/Seeder.php(184): Illuminate\\Container\\Container->call(Array, Array)
#27 /Users/brunokristian/Documents/ADOcare/vendor/laravel/framework/src/Illuminate/Database/Seeder.php(193): Illuminate\\Database\\Seeder->Illuminate\\Database\\{closure}()
#28 /Users/brunokristian/Documents/ADOcare/vendor/laravel/framework/src/Illuminate/Database/Console/Seeds/SeedCommand.php(71): Illuminate\\Database\\Seeder->__invoke()
#29 /Users/brunokristian/Documents/ADOcare/vendor/laravel/framework/src/Illuminate/Database/Eloquent/Concerns/GuardsAttributes.php(157): Illuminate\\Database\\Console\\Seeds\\SeedCommand->Illuminate\\Database\\Console\\Seeds\\{closure}()
#30 /Users/brunokristian/Documents/ADOcare/vendor/laravel/framework/src/Illuminate/Database/Console/Seeds/SeedCommand.php(70): Illuminate\\Database\\Eloquent\\Model::unguarded(Object(Closure))
#31 /Users/brunokristian/Documents/ADOcare/vendor/laravel/framework/src/Illuminate/Container/BoundMethod.php(36): Illuminate\\Database\\Console\\Seeds\\SeedCommand->handle()
#32 /Users/brunokristian/Documents/ADOcare/vendor/laravel/framework/src/Illuminate/Container/Util.php(43): Illuminate\\Container\\BoundMethod::Illuminate\\Container\\{closure}()
#33 /Users/brunokristian/Documents/ADOcare/vendor/laravel/framework/src/Illuminate/Container/BoundMethod.php(96): Illuminate\\Container\\Util::unwrapIfClosure(Object(Closure))
#34 /Users/brunokristian/Documents/ADOcare/vendor/laravel/framework/src/Illuminate/Container/BoundMethod.php(35): Illuminate\\Container\\BoundMethod::callBoundMethod(Object(Illuminate\\Foundation\\Application), Array, Object(Closure))
#35 /Users/brunokristian/Documents/ADOcare/vendor/laravel/framework/src/Illuminate/Container/Container.php(836): Illuminate\\Container\\BoundMethod::call(Object(Illuminate\\Foundation\\Application), Array, Array, NULL)
#36 /Users/brunokristian/Documents/ADOcare/vendor/laravel/framework/src/Illuminate/Console/Command.php(211): Illuminate\\Container\\Container->call(Array)
#37 /Users/brunokristian/Documents/ADOcare/vendor/symfony/console/Command/Command.php(318): Illuminate\\Console\\Command->execute(Object(Symfony\\Component\\Console\\Input\\ArgvInput), Object(Illuminate\\Console\\OutputStyle))
#38 /Users/brunokristian/Documents/ADOcare/vendor/laravel/framework/src/Illuminate/Console/Command.php(180): Symfony\\Component\\Console\\Command\\Command->run(Object(Symfony\\Component\\Console\\Input\\ArgvInput), Object(Illuminate\\Console\\OutputStyle))
#39 /Users/brunokristian/Documents/ADOcare/vendor/symfony/console/Application.php(1073): Illuminate\\Console\\Command->run(Object(Symfony\\Component\\Console\\Input\\ArgvInput), Object(Symfony\\Component\\Console\\Output\\ConsoleOutput))
#40 /Users/brunokristian/Documents/ADOcare/vendor/symfony/console/Application.php(356): Symfony\\Component\\Console\\Application->doRunCommand(Object(Illuminate\\Database\\Console\\Seeds\\SeedCommand), Object(Symfony\\Component\\Console\\Input\\ArgvInput), Object(Symfony\\Component\\Console\\Output\\ConsoleOutput))
#41 /Users/brunokristian/Documents/ADOcare/vendor/symfony/console/Application.php(195): Symfony\\Component\\Console\\Application->doRun(Object(Symfony\\Component\\Console\\Input\\ArgvInput), Object(Symfony\\Component\\Console\\Output\\ConsoleOutput))
#42 /Users/brunokristian/Documents/ADOcare/vendor/laravel/framework/src/Illuminate/Foundation/Console/Kernel.php(197): Symfony\\Component\\Console\\Application->run(Object(Symfony\\Component\\Console\\Input\\ArgvInput), Object(Symfony\\Component\\Console\\Output\\ConsoleOutput))
#43 /Users/brunokristian/Documents/ADOcare/vendor/laravel/framework/src/Illuminate/Foundation/Application.php(1235): Illuminate\\Foundation\\Console\\Kernel->handle(Object(Symfony\\Component\\Console\\Input\\ArgvInput), Object(Symfony\\Component\\Console\\Output\\ConsoleOutput))
#44 /Users/brunokristian/Documents/ADOcare/artisan(16): Illuminate\\Foundation\\Application->handleCommand(Object(Symfony\\Component\\Console\\Input\\ArgvInput))
#45 {main}

[previous exception] [object] (PDOException(code: 42703): SQLSTATE[42703]: Undefined column: 7 ERROR:  column \"login\" of relation \"users\" does not exist
LINE 1: ...ers\" (\"code\", \"first_name\", \"last_name\", \"email\", \"login\", \"...
                                                             ^ at /Users/brunokristian/Documents/ADOcare/vendor/laravel/framework/src/Illuminate/Database/Connection.php:411)
[stacktrace]
#0 /Users/brunokristian/Documents/ADOcare/vendor/laravel/framework/src/Illuminate/Database/Connection.php(411): PDOStatement->execute()
#1 /Users/brunokristian/Documents/ADOcare/vendor/laravel/framework/src/Illuminate/Database/Connection.php(811): Illuminate\\Database\\Connection->Illuminate\\Database\\{closure}('insert into \"us...', Array)
#2 /Users/brunokristian/Documents/ADOcare/vendor/laravel/framework/src/Illuminate/Database/Connection.php(778): Illuminate\\Database\\Connection->runQueryCallback('insert into \"us...', Array, Object(Closure))
#3 /Users/brunokristian/Documents/ADOcare/vendor/laravel/framework/src/Illuminate/Database/Connection.php(397): Illuminate\\Database\\Connection->run('insert into \"us...', Array, Object(Closure))
#4 /Users/brunokristian/Documents/ADOcare/vendor/laravel/framework/src/Illuminate/Database/Connection.php(384): Illuminate\\Database\\Connection->select('insert into \"us...', Array, false)
#5 /Users/brunokristian/Documents/ADOcare/vendor/laravel/framework/src/Illuminate/Database/Query/Processors/PostgresProcessor.php(24): Illuminate\\Database\\Connection->selectFromWriteConnection('insert into \"us...', Array)
#6 /Users/brunokristian/Documents/ADOcare/vendor/laravel/framework/src/Illuminate/Database/Query/Builder.php(3853): Illuminate\\Database\\Query\\Processors\\PostgresProcessor->processInsertGetId(Object(Illuminate\\Database\\Query\\Builder), 'insert into \"us...', Array, 'id')
#7 /Users/brunokristian/Documents/ADOcare/vendor/laravel/framework/src/Illuminate/Database/Eloquent/Builder.php(2235): Illuminate\\Database\\Query\\Builder->insertGetId(Array, 'id')
#8 /Users/brunokristian/Documents/ADOcare/vendor/laravel/framework/src/Illuminate/Database/Eloquent/Model.php(1436): Illuminate\\Database\\Eloquent\\Builder->__call('insertGetId', Array)
#9 /Users/brunokristian/Documents/ADOcare/vendor/laravel/framework/src/Illuminate/Database/Eloquent/Model.php(1401): Illuminate\\Database\\Eloquent\\Model->insertAndSetId(Object(Illuminate\\Database\\Eloquent\\Builder), Array)
#10 /Users/brunokristian/Documents/ADOcare/vendor/laravel/framework/src/Illuminate/Database/Eloquent/Model.php(1240): Illuminate\\Database\\Eloquent\\Model->performInsert(Object(Illuminate\\Database\\Eloquent\\Builder))
#11 /Users/brunokristian/Documents/ADOcare/vendor/laravel/framework/src/Illuminate/Database/Eloquent/Builder.php(1219): Illuminate\\Database\\Eloquent\\Model->save()
#12 /Users/brunokristian/Documents/ADOcare/vendor/laravel/framework/src/Illuminate/Support/helpers.php(390): Illuminate\\Database\\Eloquent\\Builder->Illuminate\\Database\\Eloquent\\{closure}(Object(App\\Models\\User))
#13 /Users/brunokristian/Documents/ADOcare/vendor/laravel/framework/src/Illuminate/Database/Eloquent/Builder.php(1218): tap(Object(App\\Models\\User), Object(Closure))
#14 /Users/brunokristian/Documents/ADOcare/vendor/laravel/framework/src/Illuminate/Database/Eloquent/Builder.php(725): Illuminate\\Database\\Eloquent\\Builder->create(Array)
#15 /Users/brunokristian/Documents/ADOcare/vendor/laravel/framework/src/Illuminate/Database/Eloquent/Builder.php(1959): Illuminate\\Database\\Eloquent\\Builder->Illuminate\\Database\\Eloquent\\{closure}()
#16 /Users/brunokristian/Documents/ADOcare/vendor/laravel/framework/src/Illuminate/Database/Eloquent/Builder.php(725): Illuminate\\Database\\Eloquent\\Builder->withSavepointIfNeeded(Object(Closure))
#17 /Users/brunokristian/Documents/ADOcare/vendor/laravel/framework/src/Illuminate/Database/Eloquent/Builder.php(712): Illuminate\\Database\\Eloquent\\Builder->createOrFirst(Array, Array)
#18 /Users/brunokristian/Documents/ADOcare/vendor/laravel/framework/src/Illuminate/Database/Eloquent/Builder.php(740): Illuminate\\Database\\Eloquent\\Builder->firstOrCreate(Array, Array)
#19 /Users/brunokristian/Documents/ADOcare/vendor/laravel/framework/src/Illuminate/Support/Traits/ForwardsCalls.php(23): Illuminate\\Database\\Eloquent\\Builder->updateOrCreate(Array, Array)
#20 /Users/brunokristian/Documents/ADOcare/vendor/laravel/framework/src/Illuminate/Database/Eloquent/Model.php(2540): Illuminate\\Database\\Eloquent\\Model->forwardCallTo(Object(Illuminate\\Database\\Eloquent\\Builder), 'updateOrCreate', Array)
#21 /Users/brunokristian/Documents/ADOcare/vendor/laravel/framework/src/Illuminate/Database/Eloquent/Model.php(2556): Illuminate\\Database\\Eloquent\\Model->__call('updateOrCreate', Array)
#22 /Users/brunokristian/Documents/ADOcare/database/seeders/DatabaseSeeder.php(22): Illuminate\\Database\\Eloquent\\Model::__callStatic('updateOrCreate', Array)
#23 /Users/brunokristian/Documents/ADOcare/vendor/laravel/framework/src/Illuminate/Container/BoundMethod.php(36): Database\\Seeders\\DatabaseSeeder->run()
#24 /Users/brunokristian/Documents/ADOcare/vendor/laravel/framework/src/Illuminate/Container/Util.php(43): Illuminate\\Container\\BoundMethod::Illuminate\\Container\\{closure}()
#25 /Users/brunokristian/Documents/ADOcare/vendor/laravel/framework/src/Illuminate/Container/BoundMethod.php(96): Illuminate\\Container\\Util::unwrapIfClosure(Object(Closure))
#26 /Users/brunokristian/Documents/ADOcare/vendor/laravel/framework/src/Illuminate/Container/BoundMethod.php(35): Illuminate\\Container\\BoundMethod::callBoundMethod(Object(Illuminate\\Foundation\\Application), Array, Object(Closure))
#27 /Users/brunokristian/Documents/ADOcare/vendor/laravel/framework/src/Illuminate/Container/Container.php(836): Illuminate\\Container\\BoundMethod::call(Object(Illuminate\\Foundation\\Application), Array, Array, NULL)
#28 /Users/brunokristian/Documents/ADOcare/vendor/laravel/framework/src/Illuminate/Database/Seeder.php(184): Illuminate\\Container\\Container->call(Array, Array)
#29 /Users/brunokristian/Documents/ADOcare/vendor/laravel/framework/src/Illuminate/Database/Seeder.php(193): Illuminate\\Database\\Seeder->Illuminate\\Database\\{closure}()
#30 /Users/brunokristian/Documents/ADOcare/vendor/laravel/framework/src/Illuminate/Database/Console/Seeds/SeedCommand.php(71): Illuminate\\Database\\Seeder->__invoke()
#31 /Users/brunokristian/Documents/ADOcare/vendor/laravel/framework/src/Illuminate/Database/Eloquent/Concerns/GuardsAttributes.php(157): Illuminate\\Database\\Console\\Seeds\\SeedCommand->Illuminate\\Database\\Console\\Seeds\\{closure}()
#32 /Users/brunokristian/Documents/ADOcare/vendor/laravel/framework/src/Illuminate/Database/Console/Seeds/SeedCommand.php(70): Illuminate\\Database\\Eloquent\\Model::unguarded(Object(Closure))
#33 /Users/brunokristian/Documents/ADOcare/vendor/laravel/framework/src/Illuminate/Container/BoundMethod.php(36): Illuminate\\Database\\Console\\Seeds\\SeedCommand->handle()
#34 /Users/brunokristian/Documents/ADOcare/vendor/laravel/framework/src/Illuminate/Container/Util.php(43): Illuminate\\Container\\BoundMethod::Illuminate\\Container\\{closure}()
#35 /Users/brunokristian/Documents/ADOcare/vendor/laravel/framework/src/Illuminate/Container/BoundMethod.php(96): Illuminate\\Container\\Util::unwrapIfClosure(Object(Closure))
#36 /Users/brunokristian/Documents/ADOcare/vendor/laravel/framework/src/Illuminate/Container/BoundMethod.php(35): Illuminate\\Container\\BoundMethod::callBoundMethod(Object(Illuminate\\Foundation\\Application), Array, Object(Closure))
#37 /Users/brunokristian/Documents/ADOcare/vendor/laravel/framework/src/Illuminate/Container/Container.php(836): Illuminate\\Container\\BoundMethod::call(Object(Illuminate\\Foundation\\Application), Array, Array, NULL)
#38 /Users/brunokristian/Documents/ADOcare/vendor/laravel/framework/src/Illuminate/Console/Command.php(211): Illuminate\\Container\\Container->call(Array)
#39 /Users/brunokristian/Documents/ADOcare/vendor/symfony/console/Command/Command.php(318): Illuminate\\Console\\Command->execute(Object(Symfony\\Component\\Console\\Input\\ArgvInput), Object(Illuminate\\Console\\OutputStyle))
#40 /Users/brunokristian/Documents/ADOcare/vendor/laravel/framework/src/Illuminate/Console/Command.php(180): Symfony\\Component\\Console\\Command\\Command->run(Object(Symfony\\Component\\Console\\Input\\ArgvInput), Object(Illuminate\\Console\\OutputStyle))
#41 /Users/brunokristian/Documents/ADOcare/vendor/symfony/console/Application.php(1073): Illuminate\\Console\\Command->run(Object(Symfony\\Component\\Console\\Input\\ArgvInput), Object(Symfony\\Component\\Console\\Output\\ConsoleOutput))
#42 /Users/brunokristian/Documents/ADOcare/vendor/symfony/console/Application.php(356): Symfony\\Component\\Console\\Application->doRunCommand(Object(Illuminate\\Database\\Console\\Seeds\\SeedCommand), Object(Symfony\\Component\\Console\\Input\\ArgvInput), Object(Symfony\\Component\\Console\\Output\\ConsoleOutput))
#43 /Users/brunokristian/Documents/ADOcare/vendor/symfony/console/Application.php(195): Symfony\\Component\\Console\\Application->doRun(Object(Symfony\\Component\\Console\\Input\\ArgvInput), Object(Symfony\\Component\\Console\\Output\\ConsoleOutput))
#44 /Users/brunokristian/Documents/ADOcare/vendor/laravel/framework/src/Illuminate/Foundation/Console/Kernel.php(197): Symfony\\Component\\Console\\Application->run(Object(Symfony\\Component\\Console\\Input\\ArgvInput), Object(Symfony\\Component\\Console\\Output\\ConsoleOutput))
#45 /Users/brunokristian/Documents/ADOcare/vendor/laravel/framework/src/Illuminate/Foundation/Application.php(1235): Illuminate\\Foundation\\Console\\Kernel->handle(Object(Symfony\\Component\\Console\\Input\\ArgvInput), Object(Symfony\\Component\\Console\\Output\\ConsoleOutput))
#46 /Users/brunokristian/Documents/ADOcare/artisan(16): Illuminate\\Foundation\\Application->handleCommand(Object(Symfony\\Component\\Console\\Input\\ArgvInput))
#47 {main}
"} 
[2025-11-16 15:09:54] local.ERROR: Vite manifest not found at: /Users/brunokristian/Documents/ADOcare/public/build/manifest.json {"view":{"view":"/Users/brunokristian/Documents/ADOcare/resources/views/app.blade.php","data":{"errors":"<pre class=sf-dump id=sf-dump-181451818 data-indent-pad=\"  \"><span class=sf-dump-note>Illuminate\\Support\\ViewErrorBag</span> {<a class=sf-dump-ref>#1049</a><samp data-depth=1 class=sf-dump-expanded>
  #<span class=sf-dump-protected title=\"Protected property\">bags</span>: []
</samp>}
</pre><script>Sfdump(\"sf-dump-181451818\", {\"maxDepth\":3,\"maxStringLength\":160})</script>
"}},"exception":"[object] (Spatie\\LaravelIgnition\\Exceptions\\ViewException(code: 0): Vite manifest not found at: /Users/brunokristian/Documents/ADOcare/public/build/manifest.json at /Users/brunokristian/Documents/ADOcare/vendor/laravel/framework/src/Illuminate/Foundation/Vite.php:946)
[stacktrace]
#0 /Users/brunokristian/Documents/ADOcare/vendor/laravel/framework/src/Illuminate/Foundation/Vite.php(384): Illuminate\\Foundation\\Vite->manifest('build')
#1 /Users/brunokristian/Documents/ADOcare/resources/views/app.blade.php(13): Illuminate\\Foundation\\Vite->__invoke(Object(Illuminate\\Support\\Collection))
#2 /Users/brunokristian/Documents/ADOcare/vendor/laravel/framework/src/Illuminate/Filesystem/Filesystem.php(123): require('/Users/brunokri...')
#3 /Users/brunokristian/Documents/ADOcare/vendor/laravel/framework/src/Illuminate/Filesystem/Filesystem.php(124): Illuminate\\Filesystem\\Filesystem::Illuminate\\Filesystem\\{closure}()
#4 /Users/brunokristian/Documents/ADOcare/vendor/laravel/framework/src/Illuminate/View/Engines/PhpEngine.php(57): Illuminate\\Filesystem\\Filesystem->getRequire('/Users/brunokri...', Array)
#5 /Users/brunokristian/Documents/ADOcare/vendor/laravel/framework/src/Illuminate/View/Engines/CompilerEngine.php(76): Illuminate\\View\\Engines\\PhpEngine->evaluatePath('/Users/brunokri...', Array)
#6 /Users/brunokristian/Documents/ADOcare/vendor/laravel/framework/src/Illuminate/View/View.php(208): Illuminate\\View\\Engines\\CompilerEngine->get('/Users/brunokri...', Array)
#7 /Users/brunokristian/Documents/ADOcare/vendor/laravel/framework/src/Illuminate/View/View.php(191): Illuminate\\View\\View->getContents()
#8 /Users/brunokristian/Documents/ADOcare/vendor/laravel/framework/src/Illuminate/View/View.php(160): Illuminate\\View\\View->renderContents()
#9 /Users/brunokristian/Documents/ADOcare/vendor/laravel/framework/src/Illuminate/Http/Response.php(78): Illuminate\\View\\View->render()
#10 /Users/brunokristian/Documents/ADOcare/vendor/laravel/framework/src/Illuminate/Http/Response.php(34): Illuminate\\Http\\Response->setContent(Object(Illuminate\\View\\View))
#11 /Users/brunokristian/Documents/ADOcare/vendor/laravel/framework/src/Illuminate/Routing/ResponseFactory.php(61): Illuminate\\Http\\Response->__construct(Object(Illuminate\\View\\View), 200, Array)
#12 /Users/brunokristian/Documents/ADOcare/vendor/laravel/framework/src/Illuminate/Routing/ResponseFactory.php(91): Illuminate\\Routing\\ResponseFactory->make(Object(Illuminate\\View\\View), 200, Array)
#13 /Users/brunokristian/Documents/ADOcare/vendor/laravel/framework/src/Illuminate/Routing/ViewController.php(40): Illuminate\\Routing\\ResponseFactory->view('app', Array, 200, Array)
#14 /Users/brunokristian/Documents/ADOcare/vendor/laravel/framework/src/Illuminate/Routing/ViewController.php(57): Illuminate\\Routing\\ViewController->__invoke(view: 'app', data: Array, status: 200, headers: Array)
#15 /Users/brunokristian/Documents/ADOcare/vendor/laravel/framework/src/Illuminate/Routing/ControllerDispatcher.php(43): Illuminate\\Routing\\ViewController->callAction('__invoke', Array)
#16 /Users/brunokristian/Documents/ADOcare/vendor/laravel/framework/src/Illuminate/Routing/Route.php(265): Illuminate\\Routing\\ControllerDispatcher->dispatch(Object(Illuminate\\Routing\\Route), Object(Illuminate\\Routing\\ViewController), '__invoke')
#17 /Users/brunokristian/Documents/ADOcare/vendor/laravel/framework/src/Illuminate/Routing/Route.php(211): Illuminate\\Routing\\Route->runController()
#18 /Users/brunokristian/Documents/ADOcare/vendor/laravel/framework/src/Illuminate/Routing/Router.php(822): Illuminate\\Routing\\Route->run()
#19 /Users/brunokristian/Documents/ADOcare/vendor/laravel/framework/src/Illuminate/Pipeline/Pipeline.php(180): Illuminate\\Routing\\Router->Illuminate\\Routing\\{closure}(Object(Illuminate\\Http\\Request))
#20 /Users/brunokristian/Documents/ADOcare/vendor/laravel/boost/src/Middleware/InjectBoost.php(22): Illuminate\\Pipeline\\Pipeline->Illuminate\\Pipeline\\{closure}(Object(Illuminate\\Http\\Request))
#21 /Users/brunokristian/Documents/ADOcare/vendor/laravel/framework/src/Illuminate/Pipeline/Pipeline.php(219): Laravel\\Boost\\Middleware\\InjectBoost->handle(Object(Illuminate\\Http\\Request), Object(Closure))
#22 /Users/brunokristian/Documents/ADOcare/vendor/laravel/framework/src/Illuminate/Routing/Middleware/SubstituteBindings.php(50): Illuminate\\Pipeline\\Pipeline->Illuminate\\Pipeline\\{closure}(Object(Illuminate\\Http\\Request))
#23 /Users/brunokristian/Documents/ADOcare/vendor/laravel/framework/src/Illuminate/Pipeline/Pipeline.php(219): Illuminate\\Routing\\Middleware\\SubstituteBindings->handle(Object(Illuminate\\Http\\Request), Object(Closure))
#24 /Users/brunokristian/Documents/ADOcare/vendor/laravel/framework/src/Illuminate/Foundation/Http/Middleware/VerifyCsrfToken.php(87): Illuminate\\Pipeline\\Pipeline->Illuminate\\Pipeline\\{closure}(Object(Illuminate\\Http\\Request))
#25 /Users/brunokristian/Documents/ADOcare/vendor/laravel/framework/src/Illuminate/Pipeline/Pipeline.php(219): Illuminate\\Foundation\\Http\\Middleware\\VerifyCsrfToken->handle(Object(Illuminate\\Http\\Request), Object(Closure))
#26 /Users/brunokristian/Documents/ADOcare/vendor/laravel/framework/src/Illuminate/View/Middleware/ShareErrorsFromSession.php(48): Illuminate\\Pipeline\\Pipeline->Illuminate\\Pipeline\\{closure}(Object(Illuminate\\Http\\Request))
#27 /Users/brunokristian/Documents/ADOcare/vendor/laravel/framework/src/Illuminate/Pipeline/Pipeline.php(219): Illuminate\\View\\Middleware\\ShareErrorsFromSession->handle(Object(Illuminate\\Http\\Request), Object(Closure))
#28 /Users/brunokristian/Documents/ADOcare/vendor/laravel/framework/src/Illuminate/Session/Middleware/StartSession.php(120): Illuminate\\Pipeline\\Pipeline->Illuminate\\Pipeline\\{closure}(Object(Illuminate\\Http\\Request))
#29 /Users/brunokristian/Documents/ADOcare/vendor/laravel/framework/src/Illuminate/Session/Middleware/StartSession.php(63): Illuminate\\Session\\Middleware\\StartSession->handleStatefulRequest(Object(Illuminate\\Http\\Request), Object(Illuminate\\Session\\Store), Object(Closure))
#30 /Users/brunokristian/Documents/ADOcare/vendor/laravel/framework/src/Illuminate/Pipeline/Pipeline.php(219): Illuminate\\Session\\Middleware\\StartSession->handle(Object(Illuminate\\Http\\Request), Object(Closure))
#31 /Users/brunokristian/Documents/ADOcare/vendor/laravel/framework/src/Illuminate/Cookie/Middleware/AddQueuedCookiesToResponse.php(36): Illuminate\\Pipeline\\Pipeline->Illuminate\\Pipeline\\{closure}(Object(Illuminate\\Http\\Request))
#32 /Users/brunokristian/Documents/ADOcare/vendor/laravel/framework/src/Illuminate/Pipeline/Pipeline.php(219): Illuminate\\Cookie\\Middleware\\AddQueuedCookiesToResponse->handle(Object(Illuminate\\Http\\Request), Object(Closure))
#33 /Users/brunokristian/Documents/ADOcare/vendor/laravel/framework/src/Illuminate/Cookie/Middleware/EncryptCookies.php(74): Illuminate\\Pipeline\\Pipeline->Illuminate\\Pipeline\\{closure}(Object(Illuminate\\Http\\Request))
#34 /Users/brunokristian/Documents/ADOcare/vendor/laravel/framework/src/Illuminate/Pipeline/Pipeline.php(219): Illuminate\\Cookie\\Middleware\\EncryptCookies->handle(Object(Illuminate\\Http\\Request), Object(Closure))
#35 /Users/brunokristian/Documents/ADOcare/vendor/laravel/framework/src/Illuminate/Pipeline/Pipeline.php(137): Illuminate\\Pipeline\\Pipeline->Illuminate\\Pipeline\\{closure}(Object(Illuminate\\Http\\Request))
#36 /Users/brunokristian/Documents/ADOcare/vendor/laravel/framework/src/Illuminate/Routing/Router.php(821): Illuminate\\Pipeline\\Pipeline->then(Object(Closure))
#37 /Users/brunokristian/Documents/ADOcare/vendor/laravel/framework/src/Illuminate/Routing/Router.php(800): Illuminate\\Routing\\Router->runRouteWithinStack(Object(Illuminate\\Routing\\Route), Object(Illuminate\\Http\\Request))
#38 /Users/brunokristian/Documents/ADOcare/vendor/laravel/framework/src/Illuminate/Routing/Router.php(764): Illuminate\\Routing\\Router->runRoute(Object(Illuminate\\Http\\Request), Object(Illuminate\\Routing\\Route))
#39 /Users/brunokristian/Documents/ADOcare/vendor/laravel/framework/src/Illuminate/Routing/Router.php(753): Illuminate\\Routing\\Router->dispatchToRoute(Object(Illuminate\\Http\\Request))
#40 /Users/brunokristian/Documents/ADOcare/vendor/laravel/framework/src/Illuminate/Foundation/Http/Kernel.php(200): Illuminate\\Routing\\Router->dispatch(Object(Illuminate\\Http\\Request))
#41 /Users/brunokristian/Documents/ADOcare/vendor/laravel/framework/src/Illuminate/Pipeline/Pipeline.php(180): Illuminate\\Foundation\\Http\\Kernel->Illuminate\\Foundation\\Http\\{closure}(Object(Illuminate\\Http\\Request))
#42 /Users/brunokristian/Documents/ADOcare/vendor/laravel/framework/src/Illuminate/Foundation/Http/Middleware/TransformsRequest.php(21): Illuminate\\Pipeline\\Pipeline->Illuminate\\Pipeline\\{closure}(Object(Illuminate\\Http\\Request))
#43 /Users/brunokristian/Documents/ADOcare/vendor/laravel/framework/src/Illuminate/Foundation/Http/Middleware/ConvertEmptyStringsToNull.php(31): Illuminate\\Foundation\\Http\\Middleware\\TransformsRequest->handle(Object(Illuminate\\Http\\Request), Object(Closure))
#44 /Users/brunokristian/Documents/ADOcare/vendor/laravel/framework/src/Illuminate/Pipeline/Pipeline.php(219): Illuminate\\Foundation\\Http\\Middleware\\ConvertEmptyStringsToNull->handle(Object(Illuminate\\Http\\Request), Object(Closure))
#45 /Users/brunokristian/Documents/ADOcare/vendor/laravel/framework/src/Illuminate/Foundation/Http/Middleware/TransformsRequest.php(21): Illuminate\\Pipeline\\Pipeline->Illuminate\\Pipeline\\{closure}(Object(Illuminate\\Http\\Request))
#46 /Users/brunokristian/Documents/ADOcare/vendor/laravel/framework/src/Illuminate/Foundation/Http/Middleware/TrimStrings.php(51): Illuminate\\Foundation\\Http\\Middleware\\TransformsRequest->handle(Object(Illuminate\\Http\\Request), Object(Closure))
#47 /Users/brunokristian/Documents/ADOcare/vendor/laravel/framework/src/Illuminate/Pipeline/Pipeline.php(219): Illuminate\\Foundation\\Http\\Middleware\\TrimStrings->handle(Object(Illuminate\\Http\\Request), Object(Closure))
#48 /Users/brunokristian/Documents/ADOcare/vendor/laravel/framework/src/Illuminate/Http/Middleware/ValidatePostSize.php(27): Illuminate\\Pipeline\\Pipeline->Illuminate\\Pipeline\\{closure}(Object(Illuminate\\Http\\Request))
#49 /Users/brunokristian/Documents/ADOcare/vendor/laravel/framework/src/Illuminate/Pipeline/Pipeline.php(219): Illuminate\\Http\\Middleware\\ValidatePostSize->handle(Object(Illuminate\\Http\\Request), Object(Closure))
#50 /Users/brunokristian/Documents/ADOcare/vendor/laravel/framework/src/Illuminate/Foundation/Http/Middleware/PreventRequestsDuringMaintenance.php(109): Illuminate\\Pipeline\\Pipeline->Illuminate\\Pipeline\\{closure}(Object(Illuminate\\Http\\Request))
#51 /Users/brunokristian/Documents/ADOcare/vendor/laravel/framework/src/Illuminate/Pipeline/Pipeline.php(219): Illuminate\\Foundation\\Http\\Middleware\\PreventRequestsDuringMaintenance->handle(Object(Illuminate\\Http\\Request), Object(Closure))
#52 /Users/brunokristian/Documents/ADOcare/vendor/laravel/framework/src/Illuminate/Http/Middleware/HandleCors.php(48): Illuminate\\Pipeline\\Pipeline->Illuminate\\Pipeline\\{closure}(Object(Illuminate\\Http\\Request))
#53 /Users/brunokristian/Documents/ADOcare/vendor/laravel/framework/src/Illuminate/Pipeline/Pipeline.php(219): Illuminate\\Http\\Middleware\\HandleCors->handle(Object(Illuminate\\Http\\Request), Object(Closure))
#54 /Users/brunokristian/Documents/ADOcare/vendor/laravel/framework/src/Illuminate/Http/Middleware/TrustProxies.php(58): Illuminate\\Pipeline\\Pipeline->Illuminate\\Pipeline\\{closure}(Object(Illuminate\\Http\\Request))
#55 /Users/brunokristian/Documents/ADOcare/vendor/laravel/framework/src/Illuminate/Pipeline/Pipeline.php(219): Illuminate\\Http\\Middleware\\TrustProxies->handle(Object(Illuminate\\Http\\Request), Object(Closure))
#56 /Users/brunokristian/Documents/ADOcare/vendor/laravel/framework/src/Illuminate/Foundation/Http/Middleware/InvokeDeferredCallbacks.php(22): Illuminate\\Pipeline\\Pipeline->Illuminate\\Pipeline\\{closure}(Object(Illuminate\\Http\\Request))
#57 /Users/brunokristian/Documents/ADOcare/vendor/laravel/framework/src/Illuminate/Pipeline/Pipeline.php(219): Illuminate\\Foundation\\Http\\Middleware\\InvokeDeferredCallbacks->handle(Object(Illuminate\\Http\\Request), Object(Closure))
#58 /Users/brunokristian/Documents/ADOcare/vendor/laravel/framework/src/Illuminate/Http/Middleware/ValidatePathEncoding.php(26): Illuminate\\Pipeline\\Pipeline->Illuminate\\Pipeline\\{closure}(Object(Illuminate\\Http\\Request))
#59 /Users/brunokristian/Documents/ADOcare/vendor/laravel/framework/src/Illuminate/Pipeline/Pipeline.php(219): Illuminate\\Http\\Middleware\\ValidatePathEncoding->handle(Object(Illuminate\\Http\\Request), Object(Closure))
#60 /Users/brunokristian/Documents/ADOcare/vendor/laravel/framework/src/Illuminate/Pipeline/Pipeline.php(137): Illuminate\\Pipeline\\Pipeline->Illuminate\\Pipeline\\{closure}(Object(Illuminate\\Http\\Request))
#61 /Users/brunokristian/Documents/ADOcare/vendor/laravel/framework/src/Illuminate/Foundation/Http/Kernel.php(175): Illuminate\\Pipeline\\Pipeline->then(Object(Closure))
#62 /Users/brunokristian/Documents/ADOcare/vendor/laravel/framework/src/Illuminate/Foundation/Http/Kernel.php(144): Illuminate\\Foundation\\Http\\Kernel->sendRequestThroughRouter(Object(Illuminate\\Http\\Request))
#63 /Users/brunokristian/Documents/ADOcare/vendor/laravel/framework/src/Illuminate/Foundation/Application.php(1220): Illuminate\\Foundation\\Http\\Kernel->handle(Object(Illuminate\\Http\\Request))
#64 /Users/brunokristian/Documents/ADOcare/public/index.php(20): Illuminate\\Foundation\\Application->handleRequest(Object(Illuminate\\Http\\Request))
#65 /Users/brunokristian/Documents/ADOcare/vendor/laravel/framework/src/Illuminate/Foundation/resources/server.php(23): require_once('/Users/brunokri...')
#66 {main}

[previous exception] [object] (Illuminate\\Foundation\\ViteManifestNotFoundException(code: 0): Vite manifest not found at: /Users/brunokristian/Documents/ADOcare/public/build/manifest.json at /Users/brunokristian/Documents/ADOcare/vendor/laravel/framework/src/Illuminate/Foundation/Vite.php:946)
[stacktrace]
#0 /Users/brunokristian/Documents/ADOcare/vendor/laravel/framework/src/Illuminate/Foundation/Vite.php(384): Illuminate\\Foundation\\Vite->manifest('build')
#1 /Users/brunokristian/Documents/ADOcare/storage/framework/views/8789ebe6ca1665dfea951ee4bfe79193.php(13): Illuminate\\Foundation\\Vite->__invoke(Object(Illuminate\\Support\\Collection))
#2 /Users/brunokristian/Documents/ADOcare/vendor/laravel/framework/src/Illuminate/Filesystem/Filesystem.php(123): require('/Users/brunokri...')
#3 /Users/brunokristian/Documents/ADOcare/vendor/laravel/framework/src/Illuminate/Filesystem/Filesystem.php(124): Illuminate\\Filesystem\\Filesystem::Illuminate\\Filesystem\\{closure}()
#4 /Users/brunokristian/Documents/ADOcare/vendor/laravel/framework/src/Illuminate/View/Engines/PhpEngine.php(57): Illuminate\\Filesystem\\Filesystem->getRequire('/Users/brunokri...', Array)
#5 /Users/brunokristian/Documents/ADOcare/vendor/laravel/framework/src/Illuminate/View/Engines/CompilerEngine.php(76): Illuminate\\View\\Engines\\PhpEngine->evaluatePath('/Users/brunokri...', Array)
#6 /Users/brunokristian/Documents/ADOcare/vendor/laravel/framework/src/Illuminate/View/View.php(208): Illuminate\\View\\Engines\\CompilerEngine->get('/Users/brunokri...', Array)
#7 /Users/brunokristian/Documents/ADOcare/vendor/laravel/framework/src/Illuminate/View/View.php(191): Illuminate\\View\\View->getContents()
#8 /Users/brunokristian/Documents/ADOcare/vendor/laravel/framework/src/Illuminate/View/View.php(160): Illuminate\\View\\View->renderContents()
#9 /Users/brunokristian/Documents/ADOcare/vendor/laravel/framework/src/Illuminate/Http/Response.php(78): Illuminate\\View\\View->render()
#10 /Users/brunokristian/Documents/ADOcare/vendor/laravel/framework/src/Illuminate/Http/Response.php(34): Illuminate\\Http\\Response->setContent(Object(Illuminate\\View\\View))
#11 /Users/brunokristian/Documents/ADOcare/vendor/laravel/framework/src/Illuminate/Routing/ResponseFactory.php(61): Illuminate\\Http\\Response->__construct(Object(Illuminate\\View\\View), 200, Array)
#12 /Users/brunokristian/Documents/ADOcare/vendor/laravel/framework/src/Illuminate/Routing/ResponseFactory.php(91): Illuminate\\Routing\\ResponseFactory->make(Object(Illuminate\\View\\View), 200, Array)
#13 /Users/brunokristian/Documents/ADOcare/vendor/laravel/framework/src/Illuminate/Routing/ViewController.php(40): Illuminate\\Routing\\ResponseFactory->view('app', Array, 200, Array)
#14 /Users/brunokristian/Documents/ADOcare/vendor/laravel/framework/src/Illuminate/Routing/ViewController.php(57): Illuminate\\Routing\\ViewController->__invoke(view: 'app', data: Array, status: 200, headers: Array)
#15 /Users/brunokristian/Documents/ADOcare/vendor/laravel/framework/src/Illuminate/Routing/ControllerDispatcher.php(43): Illuminate\\Routing\\ViewController->callAction('__invoke', Array)
#16 /Users/brunokristian/Documents/ADOcare/vendor/laravel/framework/src/Illuminate/Routing/Route.php(265): Illuminate\\Routing\\ControllerDispatcher->dispatch(Object(Illuminate\\Routing\\Route), Object(Illuminate\\Routing\\ViewController), '__invoke')
#17 /Users/brunokristian/Documents/ADOcare/vendor/laravel/framework/src/Illuminate/Routing/Route.php(211): Illuminate\\Routing\\Route->runController()
#18 /Users/brunokristian/Documents/ADOcare/vendor/laravel/framework/src/Illuminate/Routing/Router.php(822): Illuminate\\Routing\\Route->run()
#19 /Users/brunokristian/Documents/ADOcare/vendor/laravel/framework/src/Illuminate/Pipeline/Pipeline.php(180): Illuminate\\Routing\\Router->Illuminate\\Routing\\{closure}(Object(Illuminate\\Http\\Request))
#20 /Users/brunokristian/Documents/ADOcare/vendor/laravel/boost/src/Middleware/InjectBoost.php(22): Illuminate\\Pipeline\\Pipeline->Illuminate\\Pipeline\\{closure}(Object(Illuminate\\Http\\Request))
#21 /Users/brunokristian/Documents/ADOcare/vendor/laravel/framework/src/Illuminate/Pipeline/Pipeline.php(219): Laravel\\Boost\\Middleware\\InjectBoost->handle(Object(Illuminate\\Http\\Request), Object(Closure))
#22 /Users/brunokristian/Documents/ADOcare/vendor/laravel/framework/src/Illuminate/Routing/Middleware/SubstituteBindings.php(50): Illuminate\\Pipeline\\Pipeline->Illuminate\\Pipeline\\{closure}(Object(Illuminate\\Http\\Request))
#23 /Users/brunokristian/Documents/ADOcare/vendor/laravel/framework/src/Illuminate/Pipeline/Pipeline.php(219): Illuminate\\Routing\\Middleware\\SubstituteBindings->handle(Object(Illuminate\\Http\\Request), Object(Closure))
#24 /Users/brunokristian/Documents/ADOcare/vendor/laravel/framework/src/Illuminate/Foundation/Http/Middleware/VerifyCsrfToken.php(87): Illuminate\\Pipeline\\Pipeline->Illuminate\\Pipeline\\{closure}(Object(Illuminate\\Http\\Request))
#25 /Users/brunokristian/Documents/ADOcare/vendor/laravel/framework/src/Illuminate/Pipeline/Pipeline.php(219): Illuminate\\Foundation\\Http\\Middleware\\VerifyCsrfToken->handle(Object(Illuminate\\Http\\Request), Object(Closure))
#26 /Users/brunokristian/Documents/ADOcare/vendor/laravel/framework/src/Illuminate/View/Middleware/ShareErrorsFromSession.php(48): Illuminate\\Pipeline\\Pipeline->Illuminate\\Pipeline\\{closure}(Object(Illuminate\\Http\\Request))
#27 /Users/brunokristian/Documents/ADOcare/vendor/laravel/framework/src/Illuminate/Pipeline/Pipeline.php(219): Illuminate\\View\\Middleware\\ShareErrorsFromSession->handle(Object(Illuminate\\Http\\Request), Object(Closure))
#28 /Users/brunokristian/Documents/ADOcare/vendor/laravel/framework/src/Illuminate/Session/Middleware/StartSession.php(120): Illuminate\\Pipeline\\Pipeline->Illuminate\\Pipeline\\{closure}(Object(Illuminate\\Http\\Request))
#29 /Users/brunokristian/Documents/ADOcare/vendor/laravel/framework/src/Illuminate/Session/Middleware/StartSession.php(63): Illuminate\\Session\\Middleware\\StartSession->handleStatefulRequest(Object(Illuminate\\Http\\Request), Object(Illuminate\\Session\\Store), Object(Closure))
#30 /Users/brunokristian/Documents/ADOcare/vendor/laravel/framework/src/Illuminate/Pipeline/Pipeline.php(219): Illuminate\\Session\\Middleware\\StartSession->handle(Object(Illuminate\\Http\\Request), Object(Closure))
#31 /Users/brunokristian/Documents/ADOcare/vendor/laravel/framework/src/Illuminate/Cookie/Middleware/AddQueuedCookiesToResponse.php(36): Illuminate\\Pipeline\\Pipeline->Illuminate\\Pipeline\\{closure}(Object(Illuminate\\Http\\Request))
#32 /Users/brunokristian/Documents/ADOcare/vendor/laravel/framework/src/Illuminate/Pipeline/Pipeline.php(219): Illuminate\\Cookie\\Middleware\\AddQueuedCookiesToResponse->handle(Object(Illuminate\\Http\\Request), Object(Closure))
#33 /Users/brunokristian/Documents/ADOcare/vendor/laravel/framework/src/Illuminate/Cookie/Middleware/EncryptCookies.php(74): Illuminate\\Pipeline\\Pipeline->Illuminate\\Pipeline\\{closure}(Object(Illuminate\\Http\\Request))
#34 /Users/brunokristian/Documents/ADOcare/vendor/laravel/framework/src/Illuminate/Pipeline/Pipeline.php(219): Illuminate\\Cookie\\Middleware\\EncryptCookies->handle(Object(Illuminate\\Http\\Request), Object(Closure))
#35 /Users/brunokristian/Documents/ADOcare/vendor/laravel/framework/src/Illuminate/Pipeline/Pipeline.php(137): Illuminate\\Pipeline\\Pipeline->Illuminate\\Pipeline\\{closure}(Object(Illuminate\\Http\\Request))
#36 /Users/brunokristian/Documents/ADOcare/vendor/laravel/framework/src/Illuminate/Routing/Router.php(821): Illuminate\\Pipeline\\Pipeline->then(Object(Closure))
#37 /Users/brunokristian/Documents/ADOcare/vendor/laravel/framework/src/Illuminate/Routing/Router.php(800): Illuminate\\Routing\\Router->runRouteWithinStack(Object(Illuminate\\Routing\\Route), Object(Illuminate\\Http\\Request))
#38 /Users/brunokristian/Documents/ADOcare/vendor/laravel/framework/src/Illuminate/Routing/Router.php(764): Illuminate\\Routing\\Router->runRoute(Object(Illuminate\\Http\\Request), Object(Illuminate\\Routing\\Route))
#39 /Users/brunokristian/Documents/ADOcare/vendor/laravel/framework/src/Illuminate/Routing/Router.php(753): Illuminate\\Routing\\Router->dispatchToRoute(Object(Illuminate\\Http\\Request))
#40 /Users/brunokristian/Documents/ADOcare/vendor/laravel/framework/src/Illuminate/Foundation/Http/Kernel.php(200): Illuminate\\Routing\\Router->dispatch(Object(Illuminate\\Http\\Request))
#41 /Users/brunokristian/Documents/ADOcare/vendor/laravel/framework/src/Illuminate/Pipeline/Pipeline.php(180): Illuminate\\Foundation\\Http\\Kernel->Illuminate\\Foundation\\Http\\{closure}(Object(Illuminate\\Http\\Request))
#42 /Users/brunokristian/Documents/ADOcare/vendor/laravel/framework/src/Illuminate/Foundation/Http/Middleware/TransformsRequest.php(21): Illuminate\\Pipeline\\Pipeline->Illuminate\\Pipeline\\{closure}(Object(Illuminate\\Http\\Request))
#43 /Users/brunokristian/Documents/ADOcare/vendor/laravel/framework/src/Illuminate/Foundation/Http/Middleware/ConvertEmptyStringsToNull.php(31): Illuminate\\Foundation\\Http\\Middleware\\TransformsRequest->handle(Object(Illuminate\\Http\\Request), Object(Closure))
#44 /Users/brunokristian/Documents/ADOcare/vendor/laravel/framework/src/Illuminate/Pipeline/Pipeline.php(219): Illuminate\\Foundation\\Http\\Middleware\\ConvertEmptyStringsToNull->handle(Object(Illuminate\\Http\\Request), Object(Closure))
#45 /Users/brunokristian/Documents/ADOcare/vendor/laravel/framework/src/Illuminate/Foundation/Http/Middleware/TransformsRequest.php(21): Illuminate\\Pipeline\\Pipeline->Illuminate\\Pipeline\\{closure}(Object(Illuminate\\Http\\Request))
#46 /Users/brunokristian/Documents/ADOcare/vendor/laravel/framework/src/Illuminate/Foundation/Http/Middleware/TrimStrings.php(51): Illuminate\\Foundation\\Http\\Middleware\\TransformsRequest->handle(Object(Illuminate\\Http\\Request), Object(Closure))
#47 /Users/brunokristian/Documents/ADOcare/vendor/laravel/framework/src/Illuminate/Pipeline/Pipeline.php(219): Illuminate\\Foundation\\Http\\Middleware\\TrimStrings->handle(Object(Illuminate\\Http\\Request), Object(Closure))
#48 /Users/brunokristian/Documents/ADOcare/vendor/laravel/framework/src/Illuminate/Http/Middleware/ValidatePostSize.php(27): Illuminate\\Pipeline\\Pipeline->Illuminate\\Pipeline\\{closure}(Object(Illuminate\\Http\\Request))
#49 /Users/brunokristian/Documents/ADOcare/vendor/laravel/framework/src/Illuminate/Pipeline/Pipeline.php(219): Illuminate\\Http\\Middleware\\ValidatePostSize->handle(Object(Illuminate\\Http\\Request), Object(Closure))
#50 /Users/brunokristian/Documents/ADOcare/vendor/laravel/framework/src/Illuminate/Foundation/Http/Middleware/PreventRequestsDuringMaintenance.php(109): Illuminate\\Pipeline\\Pipeline->Illuminate\\Pipeline\\{closure}(Object(Illuminate\\Http\\Request))
#51 /Users/brunokristian/Documents/ADOcare/vendor/laravel/framework/src/Illuminate/Pipeline/Pipeline.php(219): Illuminate\\Foundation\\Http\\Middleware\\PreventRequestsDuringMaintenance->handle(Object(Illuminate\\Http\\Request), Object(Closure))
#52 /Users/brunokristian/Documents/ADOcare/vendor/laravel/framework/src/Illuminate/Http/Middleware/HandleCors.php(48): Illuminate\\Pipeline\\Pipeline->Illuminate\\Pipeline\\{closure}(Object(Illuminate\\Http\\Request))
#53 /Users/brunokristian/Documents/ADOcare/vendor/laravel/framework/src/Illuminate/Pipeline/Pipeline.php(219): Illuminate\\Http\\Middleware\\HandleCors->handle(Object(Illuminate\\Http\\Request), Object(Closure))
#54 /Users/brunokristian/Documents/ADOcare/vendor/laravel/framework/src/Illuminate/Http/Middleware/TrustProxies.php(58): Illuminate\\Pipeline\\Pipeline->Illuminate\\Pipeline\\{closure}(Object(Illuminate\\Http\\Request))
#55 /Users/brunokristian/Documents/ADOcare/vendor/laravel/framework/src/Illuminate/Pipeline/Pipeline.php(219): Illuminate\\Http\\Middleware\\TrustProxies->handle(Object(Illuminate\\Http\\Request), Object(Closure))
#56 /Users/brunokristian/Documents/ADOcare/vendor/laravel/framework/src/Illuminate/Foundation/Http/Middleware/InvokeDeferredCallbacks.php(22): Illuminate\\Pipeline\\Pipeline->Illuminate\\Pipeline\\{closure}(Object(Illuminate\\Http\\Request))
#57 /Users/brunokristian/Documents/ADOcare/vendor/laravel/framework/src/Illuminate/Pipeline/Pipeline.php(219): Illuminate\\Foundation\\Http\\Middleware\\InvokeDeferredCallbacks->handle(Object(Illuminate\\Http\\Request), Object(Closure))
#58 /Users/brunokristian/Documents/ADOcare/vendor/laravel/framework/src/Illuminate/Http/Middleware/ValidatePathEncoding.php(26): Illuminate\\Pipeline\\Pipeline->Illuminate\\Pipeline\\{closure}(Object(Illuminate\\Http\\Request))
#59 /Users/brunokristian/Documents/ADOcare/vendor/laravel/framework/src/Illuminate/Pipeline/Pipeline.php(219): Illuminate\\Http\\Middleware\\ValidatePathEncoding->handle(Object(Illuminate\\Http\\Request), Object(Closure))
#60 /Users/brunokristian/Documents/ADOcare/vendor/laravel/framework/src/Illuminate/Pipeline/Pipeline.php(137): Illuminate\\Pipeline\\Pipeline->Illuminate\\Pipeline\\{closure}(Object(Illuminate\\Http\\Request))
#61 /Users/brunokristian/Documents/ADOcare/vendor/laravel/framework/src/Illuminate/Foundation/Http/Kernel.php(175): Illuminate\\Pipeline\\Pipeline->then(Object(Closure))
#62 /Users/brunokristian/Documents/ADOcare/vendor/laravel/framework/src/Illuminate/Foundation/Http/Kernel.php(144): Illuminate\\Foundation\\Http\\Kernel->sendRequestThroughRouter(Object(Illuminate\\Http\\Request))
#63 /Users/brunokristian/Documents/ADOcare/vendor/laravel/framework/src/Illuminate/Foundation/Application.php(1220): Illuminate\\Foundation\\Http\\Kernel->handle(Object(Illuminate\\Http\\Request))
#64 /Users/brunokristian/Documents/ADOcare/public/index.php(20): Illuminate\\Foundation\\Application->handleRequest(Object(Illuminate\\Http\\Request))
#65 /Users/brunokristian/Documents/ADOcare/vendor/laravel/framework/src/Illuminate/Foundation/resources/server.php(23): require_once('/Users/brunokri...')
#66 {main}
"} 
[2025-11-22 19:14:00] local.ERROR: Class "FumeApp\ModelTyper\ModelTyperServiceProvider" not found {"exception":"[object] (Error(code: 0): Class \"FumeApp\\ModelTyper\\ModelTyperServiceProvider\" not found at /Users/brunokristian/Documents/ADOcare/vendor/laravel/framework/src/Illuminate/Foundation/Application.php:961)
[stacktrace]
#0 /Users/brunokristian/Documents/ADOcare/vendor/laravel/framework/src/Illuminate/Foundation/Application.php(893): Illuminate\\Foundation\\Application->resolveProvider('FumeApp\\\\ModelTy...')
#1 /Users/brunokristian/Documents/ADOcare/vendor/laravel/framework/src/Illuminate/Foundation/ProviderRepository.php(74): Illuminate\\Foundation\\Application->register('FumeApp\\\\ModelTy...')
#2 /Users/brunokristian/Documents/ADOcare/vendor/laravel/framework/src/Illuminate/Foundation/Application.php(871): Illuminate\\Foundation\\ProviderRepository->load(Array)
#3 /Users/brunokristian/Documents/ADOcare/vendor/laravel/framework/src/Illuminate/Foundation/Bootstrap/RegisterProviders.php(37): Illuminate\\Foundation\\Application->registerConfiguredProviders()
#4 /Users/brunokristian/Documents/ADOcare/vendor/laravel/framework/src/Illuminate/Foundation/Application.php(342): Illuminate\\Foundation\\Bootstrap\\RegisterProviders->bootstrap(Object(Illuminate\\Foundation\\Application))
#5 /Users/brunokristian/Documents/ADOcare/vendor/laravel/framework/src/Illuminate/Foundation/Console/Kernel.php(473): Illuminate\\Foundation\\Application->bootstrapWith(Array)
#6 /Users/brunokristian/Documents/ADOcare/vendor/laravel/framework/src/Illuminate/Foundation/Console/Kernel.php(195): Illuminate\\Foundation\\Console\\Kernel->bootstrap()
#7 /Users/brunokristian/Documents/ADOcare/vendor/laravel/framework/src/Illuminate/Foundation/Application.php(1235): Illuminate\\Foundation\\Console\\Kernel->handle(Object(Symfony\\Component\\Console\\Input\\ArgvInput), Object(Symfony\\Component\\Console\\Output\\ConsoleOutput))
#8 /Users/brunokristian/Documents/ADOcare/artisan(16): Illuminate\\Foundation\\Application->handleCommand(Object(Symfony\\Component\\Console\\Input\\ArgvInput))
#9 {main}
"} 
